block,start_date,end_date,stress_prob_mean,stress_prob_max,stress_days_soft,market_abs,market_sq,dispersion,tail_count,downside_market,BTC_abs,BTC_sq,BTC_downside,ETH_abs,ETH_sq,ETH_downside,SOL_abs,SOL_sq,SOL_downside,BNB_abs,BNB_sq,BNB_downside,AVAX_abs,AVAX_sq,AVAX_downside
0,2020-10-22 00:00:00+00:00,2020-10-31 00:00:00+00:00,0.47311209733355997,0.9999942859600001,4.7311209733355994,0.6859637011219688,0.7712749969418935,0.5343501291435624,8.0,0.4186367810225417,0.7349942735543149,0.9516255254152494,0.35893007595419263,0.8576504112635707,1.0633216517896962,0.5515255228149559,0.7775615480630524,0.8346219940576564,0.4001123548206003,0.6792514486925999,0.7037378038159743,0.5014781910256303,0.38036082403630567,0.3030680096308912,0.2811377604973293
1,2020-11-01 00:00:00+00:00,2020-11-10 00:00:00+00:00,0.6155870664754,1.0,6.155870664754,1.0160501878817774,1.666250099911804,0.7441612795973367,8.0,0.40413905454730714,1.1942212293287109,2.3751317940577383,0.5913136121335141,1.1544807660082896,1.7665669183491537,0.4040473671258454,1.0891508985179736,2.314349676389603,0.2202271767411621,0.8172750200867721,0.994458296307255,0.4220592518741083,0.8251230254671414,0.8807438144552698,0.3830478648619057
2,2020-11-11 00:00:00+00:00,2020-11-20 00:00:00+00:00,0.41301482478139995,0.98825545208,4.130148247814,0.7178089631670055,0.7059685993653488,0.49924933068628824,2.0,0.28389864430491335,0.7850360004068991,0.7585034053284634,0.2618903690281057,0.8860161123551468,1.0164946551316245,0.36996557008617703,0.6227971029660425,0.5521563584838768,0.3461886235912428,0.5316688543818511,0.42371711621092123,0.15821261318206745,0.7635267457250883,0.7789714616718578,0.2832360456369737
3,2020-11-21 00:00:00+00:00,2020-11-30 00:00:00+00:00,0.6826283287676,1.0,6.8262832876760005,1.0537204312792194,1.7805892021941547,0.6075033746813858,13.0,0.4999205240568998,1.0077180264494954,1.5746141986674964,0.6009921135070767,1.1954994091974245,1.9944235210199388,0.4986969221246714,0.60864921304232,0.7648973875443831,0.377300597393489,1.4879189149557184,3.0375354285106253,0.5726682988433637,0.9688165927511394,1.5314754752283308,0.44994468841589796
4,2020-12-01 00:00:00+00:00,2020-12-10 00:00:00+00:00,0.35058411159249997,0.9999979733000001,3.5058411159249996,0.7197841463919278,0.8109497715526185,0.28223249889327967,7.0,0.5528906389857551,0.6661268432242962,0.7445109273588812,0.5518584351300584,0.7917247630060491,0.9838017210471843,0.6155658672743632,0.611110081715622,0.5951380306042523,0.47417602483833193,0.617617101943613,0.663867013343006,0.49389418199671925,0.9123419420700587,1.0674311654097677,0.6289586856893028
5,2020-12-11 00:00:00+00:00,2020-12-20 00:00:00+00:00,0.27370632001624,0.99223312216,2.7370632001624,0.6657444234646028,0.6671050378878506,0.5659518404913315,4.0,0.20111030554075346,0.7209629408963348,1.0056313926789244,0.11376180913062117,0.4988521567718324,0.4224255011933774,0.20363289791571537,0.702964592805556,0.661011354102963,0.2949774085769422,0.6868716510243961,0.5913648448241147,0.11219671749548635,0.7190707758248953,0.6550920966398738,0.28098269458500214
6,2020-12-21 00:00:00+00:00,2020-12-30 00:00:00+00:00,0.631299841292,0.9999998707800001,6.31299841292,0.8717938266369042,1.1672618865926527,0.6788579011319432,9.0,0.3592821576729602,0.7920744320251829,0.7963389787671583,0.25466490944389225,0.8636195371310535,1.0013415384869606,0.3030071006755396,1.1812557367054846,2.1807779592836707,0.5386594758264525,1.0155994205388055,1.3876872744129973,0.40880694106506976,0.5064200067839939,0.47016368201247677,0.29127236135384693
7,2020-12-31 00:00:00+00:00,2021-01-09 00:00:00+00:00,0.9722595329600001,1.0,9.7225953296,1.098143856153667,2.0819218464679294,1.2127562912899683,14.0,0.23337811645379936,0.9315090421475712,1.346337653958164,0.2892430428873937,0.9990337129669303,2.0074431234225107,0.19044542957799526,1.3330600880003982,2.510039420462552,0.2993047913285905,0.5270970820570595,0.5265334795863639,0.22838236065595335,1.7000193555963754,4.019255554910057,0.1595149578190639
8,2021-01-10 00:00:00+00:00,2021-01-19 00:00:00+00:00,0.6945872705667999,1.0,6.945872705667999,0.9444152143681134,1.3433361479285566,0.7508641323214263,9.0,0.6056094651955768,1.1809609635470466,1.8896623105791925,0.9517591686827702,0.8736239557271818,1.211717261546767,0.5697084059403342,0.5748402659423185,0.44658348614877924,0.36724039567829564,1.061644806877117,1.5582577085092781,0.6981483636564558,1.0310060797469032,1.6104599728587665,0.44119099202002826
9,2021-01-20 00:00:00+00:00,2021-01-29 00:00:00+00:00,0.30048441764418005,1.0,3.0048441764418006,0.7014514849240625,0.9703731639131064,0.3840812668808113,5.0,0.48470035448739923,0.8688021192867963,1.4543017212640696,0.5694837558798178,0.9219053427766231,1.5187932698935733,0.6001045139426632,0.473384972061227,0.556927292336878,0.3399999874055728,0.5793509450372734,0.7254922227559126,0.3460982385725064,0.6638140454583927,0.5963513133150984,0.5678152766364359
10,2021-01-30 00:00:00+00:00,2021-02-08 00:00:00+00:00,0.5284106029930601,0.99999999282,5.284106029930601,0.8592561096848863,1.2336101921569471,0.7415826066819252,7.0,0.18481876794882027,0.7648447304176926,1.1945557174058254,0.13688318413140327,0.7213130809089459,0.597021411194605,0.293814048688043,0.7182405517432342,0.7045768575404864,0.148266062725715,1.3168886737158574,2.604753447689278,0.20028781194668163,0.7749935116387008,1.0671435269545404,0.14484273225225847
11,2021-02-09 00:00:00+00:00,2021-02-18 00:00:00+00:00,0.41758154925739993,0.9999999065799999,4.175815492573999,0.7120043755329661,1.0159352384757323,0.7206904335572473,5.0,0.33432229963571475,0.47868697811760674,0.30903773774938537,0.22745767308118828,0.2912518572032045,0.10931666490760172,0.1702410742555801,0.6393088467107175,0.5617976535485228,0.4293065840385745,1.2303536488907008,2.2587132773462453,0.32759201053237186,0.9204205467426018,1.8408108588269072,0.5170141562708589
12,2021-02-19 00:00:00+00:00,2021-02-28 00:00:00+00:00,0.5519900540182199,0.9999999976399999,5.519900540182199,0.9747273451803099,1.6030944550351796,0.6514355276160371,11.0,0.7111286337607798,0.836100802064297,1.1298389437707048,0.6944183981217601,0.8391126229451021,1.2905383507369748,0.7861495092233047,1.2837284104427547,2.4587363538755023,0.6488203104419654,1.2328036305058707,2.5440691433428504,0.7771745420809839,0.6818912599435241,0.5922894834498661,0.6490804089358844
13,2021-03-01 00:00:00+00:00,2021-03-10 00:00:00+00:00,0.3093404814856,0.98396669978,3.093404814856,0.644353177140945,0.6109823471163845,0.42280522955062655,4.0,0.28991973809102284,0.5732089971928077,0.5088268166754493,0.1792328512687426,0.8981326485400819,1.0622762799303436,0.2413556981677317,0.6003035748061241,0.45118112792591514,0.4027280424840772,0.5276201813511504,0.35636928282081903,0.329719229406568,0.6225004838145615,0.6762582282293956,0.2965628691279945
14,2021-03-11 00:00:00+00:00,2021-03-20 00:00:00+00:00,0.26545036418664,0.92460373468,2.6545036418663996,0.524458224946901,0.4610406155997409,0.38800138610455825,1.0,0.2785225180099989,0.6781497674218848,0.6798368021598874,0.3622966826979227,0.5253015526033108,0.46915108228497326,0.25809165021960906,0.475415887245223,0.33226259744380665,0.3226094289998798,0.25773531077712647,0.12900036916380114,0.22445885327534804,0.6856886066869597,0.6949522269462364,0.22515597485723493
15,2021-03-21 00:00:00+00:00,2021-03-30 00:00:00+00:00,0.29731507076582,0.99914132278,2.9731507076582,0.6130006539736087,0.6614215379222459,0.44025752184638545,5.0,0.25715916830335644,0.6509741277003562,0.6897672819363405,0.3404980236913854,0.6011678449714478,0.6887362854337733,0.28028476031181915,0.7554347832777404,0.9536719179574138,0.18551621705386626,0.5997384828143322,0.6126358828798686,0.18656824449579287,0.4576880311041661,0.3622963214038337,0.2929285959639186
16,2021-03-31 00:00:00+00:00,2021-04-09 00:00:00+00:00,0.3855602423648,0.9994643956599999,3.855602423648,0.69828660676247,0.7752610407862623,0.6628514440178097,6.0,0.27296923196492,0.544560864037817,0.5060993983639896,0.35835938708194337,0.886982815099073,1.2078017364483953,0.3861280327083739,0.6277594101158125,0.6809427604049186,0.14759630186602107,1.0177207509503308,1.255885698232804,0.2965732721585099,0.4144091936093168,0.2255756104812035,0.17618916600975174
17,2021-04-10 00:00:00+00:00,2021-04-19 00:00:00+00:00,0.6574238433648001,1.0,6.574238433648,0.9455595359323542,1.4108755374298385,0.8771052793342712,11.0,0.5756339740859149,0.7818232026445606,1.1469526599748225,0.49635972464470174,0.8672254527993817,0.9711756281003794,0.4622044951912166,1.1092116085887695,2.0850822855048174,0.6760674954863336,0.9802562523858972,1.3075975532388742,0.5779961051429938,0.989281163243161,1.5435695603303,0.6655420499643288
18,2021-04-20 00:00:00+00:00,2021-04-29 00:00:00+00:00,0.582049408709,0.9999999999199999,5.82049408709,0.8565354297500146,1.2191444276348855,0.7772483863034981,7.0,0.41131925139271985,0.9315073856154712,1.5336976284454384,0.5210506243174478,0.7987755711357774,1.0215184144993936,0.26739959785828377,0.8637994209228512,1.116867057934337,0.43792382281748904,0.8321420341570459,1.004329570307196,0.4594813085796508,0.8564527369189265,1.4193094669880617,0.37074090339072757
19,2021-04-30 00:00:00+00:00,2021-05-09 00:00:00+00:00,0.5069210151914,0.9999999734399999,5.069210151914,0.8219735849113383,1.1561924970240076,0.6048369697647794,10.0,0.3470041678152916,0.8806820882317062,1.3587707217580038,0.3193035395324255,1.0222997802548712,1.708245801372366,0.3164221716745893,0.6872468931402158,0.6235036539257728,0.454072889786286,0.5819300407599913,0.5495681006546297,0.3536311877178596,0.9377091221699068,1.540874207409265,0.29159105036529753
20,2021-05-10 00:00:00+00:00,2021-05-19 00:00:00+00:00,0.6272014153630001,1.0,6.272014153630001,1.143666585135836,2.443504878622243,0.545599246375889,12.0,0.9036154173744333,1.0038388948656602,1.9456469759251473,0.9086854649740002,1.3295923205856102,2.858579440154925,1.1063986720739696,1.0049098043333202,2.4998656566460973,0.6462799142360245,1.219542272386504,2.7254031047290304,1.0487856219989076,1.1604496335080856,2.188029215656013,0.8079274135892647
21,2021-05-20 00:00:00+00:00,2021-05-29 00:00:00+00:00,0.60058932170712,0.9999999983,6.0058932170712,0.9511151208804312,1.3149408118971402,0.27626199981257066,11.0,0.5038321345111872,0.8696429778598855,1.230349128581682,0.38759066332412606,0.9562052263686857,1.2576507235345646,0.518305193994065,1.1312145679005279,1.6791600783656784,0.6332298165950812,1.0011850016028316,1.5441402888027889,0.47730889526396264,0.7973278306702251,0.8634038402009873,0.5027261033787007
22,2021-05-30 00:00:00+00:00,2021-06-08 00:00:00+00:00,0.07998115208432,0.4255431357,0.7998115208432,0.5197250630318134,0.3574428971814975,0.18915320849221223,0.0,0.15316678052180954,0.596491156170187,0.45123599862788416,0.20113192748280487,0.4365310410253467,0.2763742668621896,0.13604911348183504,0.5951896459210848,0.42354731599593337,0.13005144561268717,0.518020072694432,0.3596548670118581,0.12489314480095634,0.4523933993480167,0.27640203740962227,0.17370827123076438
23,2021-06-09 00:00:00+00:00,2021-06-18 00:00:00+00:00,0.15204046360561999,0.6441401264399998,1.5204046360561998,0.43382262041521436,0.34958648186073477,0.2954996695398984,2.0,0.17949670778526536,0.7456492154202418,0.9635801011165339,0.2623303913994084,0.41893873084371575,0.23052280670576994,0.21190806030813128,0.24284422096746447,0.12517838185995922,0.1517932687635203,0.31082609835882075,0.14818278552139613,0.1199667107962515,0.4508548364858294,0.2804683341000146,0.15148510765901518
24,2021-06-19 00:00:00+00:00,2021-06-28 00:00:00+00:00,0.39414680693264004,1.0,3.9414680693264,0.7846829137972025,1.0937039528355603,0.2638518477876793,7.0,0.3935198152821507,0.8100261555707717,1.1001935764680997,0.39864927706694536,0.8484205332828504,1.1201714048936835,0.3850261081209717,0.694107165707914,1.0112593456085455,0.3701187074505145,0.7307775425502362,1.1479725884779364,0.4081394273936668,0.8400831718742401,1.0889228487295357,0.40566555637865526
25,2021-06-29 00:00:00+00:00,2021-07-08 00:00:00+00:00,0.26114708702177997,0.9695794621599999,2.6114708702177998,0.6418425996094388,0.5563919883241327,0.31869470429116475,1.0,0.2619222021624501,0.5278844857272931,0.3314001589663134,0.2956901119815487,0.8607074342966353,0.8853752942083352,0.3622359103095517,0.5466017560837364,0.42563690196305837,0.25917003881967815,0.5583083339215142,0.3949892753981977,0.17017042023587736,0.7157109880180148,0.7445583110847589,0.22234452946559466
26,2021-07-09 00:00:00+00:00,2021-07-18 00:00:00+00:00,0.030337706060840002,0.076587079548,0.30337706060840003,0.4160419490623616,0.24349797877548351,0.25476017772977433,0.0,0.23523972971327214,0.3867028693087119,0.19640320945812031,0.1761306610205669,0.4205465144620316,0.230352900642733,0.25001229107728884,0.5885721961157648,0.4723200276153802,0.3794731820864735,0.286573152569966,0.12100428101258212,0.12842642691388845,0.3978150128553337,0.19740947514860194,0.242156087468143
27,2021-07-19 00:00:00+00:00,2021-07-28 00:00:00+00:00,0.25100438897000005,0.99999999276,2.5100438897000004,0.650935532579444,0.7885828058976189,0.32448993175431556,6.0,0.14931626900630493,0.9750963731673703,1.3188540448386228,0.14003047507192912,0.5755593407214412,0.7108399198184507,0.09650419128651547,0.4995420971571831,0.614636480912674,0.1637703438937399,0.5850134529213978,0.7641921045101879,0.21535010614397634,0.6194663989298276,0.534391479408159,0.1309262286353639
28,2021-07-29 00:00:00+00:00,2021-08-07 00:00:00+00:00,0.6167863583054001,0.9955756702599999,6.167863583054,0.833248187247147,0.9857703873612803,0.5511385586634436,7.0,0.1996594115220796,0.9448256425844329,1.0422129793126462,0.39524516204403415,0.8512046838094915,1.0737386713547683,0.10378376353539845,0.9343257323643004,1.2688680949097717,0.17839943009307377,0.5120255778580219,0.3610668840268286,0.11026190537783395,0.9238592996194877,1.1829653072023867,0.21060679656005768
29,2021-08-08 00:00:00+00:00,2021-08-17 00:00:00+00:00,0.7665902179122,0.99999995298,7.665902179122,0.9606994249930346,1.4189363246222664,0.7139032477015539,10.0,0.446185772987092,0.9632528452869005,1.0828970104109006,0.6486717237063485,1.0349700705271196,1.390868653811522,0.7721368581491016,0.9219588927556108,1.514159054994971,0.18504986488028669,0.8937734000691018,1.0496644691333494,0.38103778509437586,0.9895419163264403,2.0570924347605883,0.24403263310534684
30,2021-08-18 00:00:00+00:00,2021-08-27 00:00:00+00:00,0.9041238357838,0.99999981124,9.041238357838,1.079436254483182,1.755860303316008,0.9234573576835773,15.0,0.49431105158219807,0.8324182945577207,0.9278549576071772,0.4452344674537316,0.7278768740541594,0.7485397568055496,0.4438808228358305,0.880890802983072,1.1725500558387256,0.46296902159270725,1.408119205362712,2.4869424629485617,0.5992595954244908,1.5478760954582458,3.4434142833800245,0.5202113506042302
31,2021-08-28 00:00:00+00:00,2021-09-06 00:00:00+00:00,0.35619720649040004,0.99903368766,3.5619720649040003,0.6729762551784603,0.7049091925599075,0.6835432115190038,4.0,0.3629826877439899,0.47334134878483064,0.3862206405215522,0.2185377701207555,0.6664613603940351,0.7794224377863661,0.2481100172379498,1.0197987869443452,1.263412795642175,0.3593413906209273,0.5423591934999201,0.4693211614359529,0.42576783339771085,0.6629205862691702,0.6261689274134918,0.5631564273426062
32,2021-09-07 00:00:00+00:00,2021-09-16 00:00:00+00:00,0.4050402412496001,1.0,4.050402412496001,0.8742533178069375,1.2902131402943757,0.6815797467751049,4.0,0.5942769273308354,0.8568111439054853,1.4856961072633532,0.5644294993387481,0.9637354797773874,1.4923800551254887,0.6116050496018228,0.8248539890142222,0.8164072607101603,0.7596241527434898,0.8327171110184451,1.53031922968768,0.5903430021442049,0.8931488653191473,1.1262630486851974,0.4453829328259113
33,2021-09-17 00:00:00+00:00,2021-09-26 00:00:00+00:00,0.5064550440142599,1.0,5.064550440142599,0.8906170866657435,1.288059901592019,0.3775403103961318,11.0,0.5849964811398849,0.9442158222227383,1.3939428084212566,0.5819107079627119,1.0207224473086278,1.5164083744025523,0.668830891756621,1.0675043150591437,1.5253548637002243,0.7415388026972524,0.8002142285115699,1.1982269991753798,0.5358241105711639,0.6204286202266376,0.8063664622606824,0.39687789271167523
34,2021-09-27 00:00:00+00:00,2021-10-06 00:00:00+00:00,0.29069381550874,0.99997297526,2.9069381550874,0.6138698036081284,0.6693899695855794,0.48142836531950833,6.0,0.17155338192727854,0.876234453866742,1.163988528269114,0.12678083706855203,0.6622198926310323,0.6724146781989151,0.15081764890490207,0.5262090009314851,0.43614017897531365,0.23780192030094133,0.6616672677669306,0.8614552387351623,0.05558321383560749,0.34301840284445184,0.21295122374939193,0.28678328952638976
35,2021-10-07 00:00:00+00:00,2021-10-16 00:00:00+00:00,0.12341586869704,0.48370209612,1.2341586869704,0.478355355914979,0.38627092919397765,0.4466693370084334,1.0,0.2129029243330196,0.6073121659929622,0.5651349386237258,0.2697317184221447,0.4478554527689623,0.31445465710636233,0.17306852220238564,0.49137285520297197,0.3670288205853751,0.19991838652693433,0.5607696772503464,0.5471064379517121,0.23388413512105255,0.284466628359652,0.13762979170271286,0.1879118593925807
36,2021-10-17 00:00:00+00:00,2021-10-26 00:00:00+00:00,0.47107466347574,0.9999617714799999,4.7107466347574,0.6521286650565008,0.749169739489278,0.5578185759881036,6.0,0.30905271888631985,0.6921251907255302,0.8980302579868317,0.5220716518456323,0.7888626778847467,0.7407908121069224,0.4209625166608529,0.6073285458504573,0.7307910588856454,0.17229195529722424,0.48784668718904783,0.4679144998298555,0.32476177342617124,0.6844802236327218,0.9083220686371358,0.10517569720171835
37,2021-10-27 00:00:00+00:00,2021-11-05 00:00:00+00:00,0.6056202723516,0.9999999998200001,6.056202723516,0.9188527663862116,1.2635040339306909,0.640871757398824,12.0,0.42916421862379933,0.6437063027633059,0.4870253744852332,0.44901585141502487,0.8752138202179417,1.1831269697224136,0.4766798079279361,0.8682877453353651,1.16034674679393,0.3703400333816454,1.0376487806570538,1.5666336794800506,0.3440556208844995,1.1694071829573915,1.9203873991718265,0.5057297795098906
38,2021-11-06 00:00:00+00:00,2021-11-15 00:00:00+00:00,0.601321779598,0.98111045314,6.01321779598,0.7328401589436255,0.7785810384332101,0.49238755513346727,3.0,0.41908554811620824,0.6949374296082389,0.7826258169076674,0.34915808918068275,0.5213162476430099,0.35107214677429865,0.3598861216963054,0.7454595623299671,0.6844672409305069,0.5169119076488192,0.6212464224140931,0.5513551506068287,0.4191698018763,1.0812411327228184,1.523384836946749,0.4503018201789339
39,2021-11-16 00:00:00+00:00,2021-11-25 00:00:00+00:00,0.811221069904,0.99999999998,8.11221069904,1.0987162330042173,1.6126901329080365,0.6326890286712553,14.0,0.6197074676074519,0.977724957178572,1.2835481010432575,0.5788205996057194,1.2546195268579474,1.9701501265355457,0.6749814121409128,1.0636376876222937,1.6377495711068388,0.6975233711772411,1.19375297086199,1.7935645815163699,0.6854248727644604,1.0038460225002832,1.3784382843381708,0.46178708234892507
40,2021-11-26 00:00:00+00:00,2021-12-05 00:00:00+00:00,0.42252950375000004,1.0,4.2252950375000005,0.8627575413429309,1.2503377675043148,0.5461393899135831,11.0,0.6017095778140201,1.00192750756542,1.758184757032076,0.700753129520942,0.8981407178357165,1.269292384351122,0.5249170489823168,0.7756814262824221,0.9771201282868276,0.44173419815415516,0.5841089454731015,0.6265487481189695,0.480811935041139,1.0539291095579948,1.6205428197325786,0.8603315773715471
41,2021-12-06 00:00:00+00:00,2021-12-15 00:00:00+00:00,0.53635672070798,0.99999909746,5.3635672070798,0.8686047271715617,1.014098599641818,0.318541602854316,8.0,0.3896386992657766,0.8120678572354331,0.9502739398709406,0.2958332203241174,0.8929281500676997,1.0192638076713199,0.4459369230589577,0.8544685034101208,1.0632601536287036,0.43041369536287605,0.8391293477155669,0.9413149107909765,0.4010051660226791,0.9444297774289886,1.096380186247149,0.3750044915602525
42,2021-12-16 00:00:00+00:00,2021-12-25 00:00:00+00:00,0.0796972470562,0.45583959116000006,0.796972470562,0.4572097937793461,0.3446561514675493,0.32888652434577603,0.0,0.13876685725832183,0.5020836611272156,0.4603849630210968,0.12181379558001412,0.3610335221044658,0.1645359273208095,0.13010655556883907,0.39879874054024045,0.3267840386109459,0.07345895895545042,0.3369593358691059,0.16129690510119027,0.10767536417164156,0.6871737092557028,0.6102789232837036,0.26077961201566413
43,2021-12-26 00:00:00+00:00,2022-01-04 00:00:00+00:00,0.23207121522790003,0.9999979134600001,2.3207121522790004,0.5927035053251103,0.5729222100673358,0.32853794474683073,4.0,0.36804094584301394,0.5769831478173693,0.5712511045971642,0.3711423441022087,0.6016631750138297,0.5774730870028164,0.35042234382859405,0.5956857715450871,0.6317595284384883,0.3886966085862318,0.6989114007591928,0.7265041442816318,0.40079906142125415,0.49027403149007254,0.3576231860165783,0.32914437127678126
44,2022-01-05 00:00:00+00:00,2022-01-14 00:00:00+00:00,0.5854309692244,0.99999847392,5.854309692244,0.9564003435756366,1.215147352692596,0.39694719836766484,9.0,0.5254862143076018,0.722262210893601,0.7549333365634088,0.376053742138524,1.1317361042611223,1.4526810074435463,0.6392597115230328,0.8775595988221582,1.1050883347431335,0.5103392181243971,1.2201383362125728,1.964619190213276,0.577836345215597,0.8303054676887289,0.7984148944996152,0.5239420545364578
45,2022-01-15 00:00:00+00:00,2022-01-24 00:00:00+00:00,0.51727746844014,1.0,5.1727746844014,1.008082130518281,1.8031299653720823,0.2943559094115793,10.0,0.7628399629806677,0.9100980244464832,1.6728994884161186,0.6318747197617908,0.9994561757961697,1.8587574650627232,0.7666999637012462,1.172238160333962,2.0219433743779005,0.9323925669646655,1.0376708974617028,1.799924215793446,0.7926457935586446,0.9209473945530865,1.662125283210224,0.6905867709169907
46,2022-01-25 00:00:00+00:00,2022-02-03 00:00:00+00:00,0.34714677187572,0.95148237888,3.4714677187572,0.6877066273887887,0.6825721923855304,0.3590098278711197,3.0,0.1382501820877998,0.6295442485501426,0.5181638554416582,0.14391995787443976,0.6639163709628986,0.6001232239038767,0.06543913690526175,0.80531905430229,1.0332427741291197,0.13184289129448715,0.5558389779028291,0.4360876799657577,0.1550374295691474,0.7839144852257831,0.8252434284872401,0.19501149479566288
47,2022-02-04 00:00:00+00:00,2022-02-13 00:00:00+00:00,0.26416237057338,1.0,2.6416237057338,0.6777015536981449,0.8826303365981186,0.32789552518697096,6.0,0.2388911472613829,0.6729893309898752,1.2742944912875511,0.162308130667562,0.6846565425082758,0.9024310114309946,0.25095670412097776,0.619128561218201,0.660113115726766,0.3073132083023816,0.7100832032026876,0.6905977406860858,0.24517958878832155,0.701650130571685,0.8857153238591954,0.2286981044276717
48,2022-02-14 00:00:00+00:00,2022-02-23 00:00:00+00:00,0.48503324855390006,0.99997922714,4.850332485539001,0.8540626881695266,1.0428433398519077,0.28865158783923467,9.0,0.5142319712493519,0.8956735176109406,1.139142740189556,0.6272078107859611,0.8038273198317596,0.899980653464788,0.5108292355750702,0.7464216877992108,0.8107839456554335,0.3781798734145968,0.8620878637907101,1.1122428182838706,0.506397182857448,0.9623030518150122,1.25206654166589,0.5485457536136835
49,2022-02-24 00:00:00+00:00,2022-03-05 00:00:00+00:00,0.42166733271500006,1.0,4.2166733271500005,0.857556877942402,1.2420329811461719,0.3183488170644429,8.0,0.39438410552384867,0.9643151454524583,1.703719118182231,0.43606248067002806,0.8884476187449319,1.3575881970930168,0.42874922210429095,0.8676130664735396,1.1593261691777164,0.3770761526272043,0.8284894445492019,1.176527723519057,0.35573319658087,0.7389191144918781,0.8130036977588381,0.37429947563684995
50,2022-03-06 00:00:00+00:00,2022-03-15 00:00:00+00:00,0.25505807931968005,0.99691883474,2.5505807931968003,0.5945780572774647,0.5222430737917055,0.22553910231445587,1.0,0.28978272038978625,0.6950276166885638,0.8061979941407141,0.3148717148237524,0.6313775310389281,0.5236960217796021,0.2753885448345223,0.6166636168281909,0.4894665325234205,0.29928243833554447,0.5284228041523029,0.447105862725201,0.26921144508877676,0.5013987176793373,0.34474895778959036,0.29015945886633515
51,2022-03-16 00:00:00+00:00,2022-03-25 00:00:00+00:00,0.14297149006426,0.7334238201400001,1.4297149006426,0.5842136993772381,0.4903640241588142,0.3186279606453143,0.0,0.14275960305790333,0.39727251667894936,0.2527447974694991,0.07759178024474181,0.5582051409965728,0.4513805244086509,0.10078233642937744,0.6795412021261986,0.634994486808435,0.16753051180923476,0.46264671881709,0.2612561320822375,0.10548972639284593,0.8234029182673794,0.8514441800252485,0.2624036604133167
52,2022-03-26 00:00:00+00:00,2022-04-04 00:00:00+00:00,0.29857293540636004,0.97571808886,2.9857293540636003,0.6051157907078187,0.5733601260448831,0.3943778112674633,3.0,0.20959692670698452,0.3722392081650593,0.2891903879912518,0.18978456074760286,0.5590367839038286,0.4934639180075502,0.20393325969814655,0.8772358421255781,1.0484742603137742,0.21264483808943205,0.7390103822254253,0.7562168641082755,0.292780061704673,0.47805673711920277,0.2794551998035639,0.14884191329506816
53,2022-04-05 00:00:00+00:00,2022-04-14 00:00:00+00:00,0.6762156065021999,1.0,6.762156065021999,1.1516358386103562,1.8541920897290494,0.28952892340339587,14.0,0.9043656507896852,1.0250848671842,1.5050616202551406,0.8340010992798144,1.1180081411014566,1.8989958223251715,0.9269820900264047,1.143200833229744,1.979305866556383,0.9622169976017615,1.2450638650320678,1.9882506453120876,0.8550309212793437,1.2268214865043117,1.899346494196464,0.9435971457611025
54,2022-04-15 00:00:00+00:00,2022-04-24 00:00:00+00:00,0.1570250420077,0.89419575488,1.570250420077,0.4681179820035187,0.3355506112042246,0.19819794527170267,0.0,0.28602191497404195,0.523213757497052,0.3872474857323552,0.2584761651031925,0.4181527145214547,0.278823441057259,0.2818343070586102,0.39540565981844217,0.2628400589389885,0.24738135166854117,0.4923048170447338,0.3870809528624213,0.3360770808969421,0.5115129611359107,0.3617611174300991,0.3063406701429236
55,2022-04-25 00:00:00+00:00,2022-05-04 00:00:00+00:00,0.6422355902665999,0.9999999981399998,6.422355902665999,1.060771452320038,1.5149517367781247,0.37380497899763565,11.0,0.4585663820560699,1.115001750074376,1.5829468902616508,0.43728860562616356,1.1468694092254583,1.5610696058364677,0.4727620099543059,0.8555636287042153,1.1918852143220922,0.4080090141342875,1.0032669189657482,1.2943649453966222,0.4251867399152876,1.1831555546303925,1.9444920280737896,0.5495855406503051
56,2022-05-05 00:00:00+00:00,2022-05-14 00:00:00+00:00,0.7332121492129999,1.0,7.33212149213,1.409782121437665,3.0383543001434283,0.37147788968051976,20.0,1.0420219723940594,1.1686490584863654,2.20563883196339,0.8789053923784544,1.3717361362943064,2.489693478396883,1.0421453167393533,1.5771339766689667,3.4535382328799735,1.1455255015995018,1.4757180365917848,3.527180448169215,1.0380114054203915,1.4556733991469013,3.5157205093076795,1.1055222458325962
57,2022-05-15 00:00:00+00:00,2022-05-24 00:00:00+00:00,0.4444732836872599,0.9993993044999999,4.444732836872599,0.8003493807858401,0.7869617850175749,0.18845432890768982,3.0,0.2887708580555844,0.9262598360907919,0.9726893611494221,0.3558382423137233,0.8615040788595983,0.9268126961893086,0.32924533685286983,0.79030583963829,0.7784488931934643,0.2924592756695206,0.6720628142036645,0.5947511040198695,0.1670179850015458,0.7516143351368558,0.6621068705358089,0.29929345044026245
58,2022-05-25 00:00:00+00:00,2022-06-03 00:00:00+00:00,0.32483842913152,0.9974923691400001,3.2483842913152,0.6029190575919927,0.5830118512540495,0.2384512171206123,2.0,0.26933164454024616,0.6075731718686446,0.6650908076633287,0.19607197041774566,0.7466596421627735,0.8786914941072951,0.3397455633618572,0.5740804214059836,0.46373330065332474,0.29197733246797175,0.4576032882661317,0.3654396200696829,0.24137585288309932,0.6286787642564299,0.5421040337766161,0.27748750357055696
59,2022-06-04 00:00:00+00:00,2022-06-13 00:00:00+00:00,0.44111473532178,1.0,4.4111473532178005,0.8225490139694616,1.282633967379644,0.37087935008885564,8.0,0.6445083949027193,0.9871379352632825,1.9563315891159125,0.8119988723667622,0.9480367575740128,1.6076979483530462,0.7663421890656047,0.7223027754581274,0.7019559605559504,0.4697479373727148,0.7202771715700759,1.346188202164014,0.6737799649731688,0.7349904299818089,0.800996136709297,0.5006730107353462
60,2022-06-14 00:00:00+00:00,2022-06-23 00:00:00+00:00,0.53328898160764,1.0,5.3328898160764,1.0326383775326164,1.5025096787748027,0.3614321915014181,15.0,0.345570927095534,0.8679614531184272,1.1759860258621215,0.37954984021542487,1.0598694215047486,1.6633234106705905,0.42087987601621635,1.1309189825596697,1.6537207871009492,0.2469924589720413,1.1164494719742577,1.723630609840034,0.40941171370436014,0.9879925585059792,1.2958875604003182,0.2710207465696275
61,2022-06-24 00:00:00+00:00,2022-07-03 00:00:00+00:00,0.11118357574637998,0.9312193018,1.1118357574637998,0.41520012960466063,0.29169903906338435,0.2235023388875589,1.0,0.1808087775942021,0.26930809473878303,0.08803677715396743,0.0908300448860165,0.3977469570202932,0.2572088649645421,0.12213090164751039,0.47384191100349426,0.40925915951879854,0.2890028445905312,0.36279367027295323,0.21941335464759176,0.11905882479513585,0.5723100149877797,0.4845770390320217,0.2830212720518166
62,2022-07-04 00:00:00+00:00,2022-07-13 00:00:00+00:00,0.34914430240484,0.97217087754,3.4914430240484,0.677157714415452,0.6596994763136462,0.17818641399652102,1.0,0.2186136113290444,0.6981887042914998,0.6792963031508303,0.16504525959333677,0.6947484789620495,0.691119990331702,0.21383573985636523,0.6471992697813966,0.6160297576965829,0.28902892649675127,0.5843477619136496,0.4925601506280655,0.16954760747903308,0.7613043571286651,0.8194911797610501,0.2556105232197356
63,2022-07-14 00:00:00+00:00,2022-07-23 00:00:00+00:00,0.4187140623854,0.9999999994,4.187140623854,0.7937554657924519,0.9681736566674033,0.3190644822854599,6.0,0.2841660149773742,0.738321520808958,0.8563295673300126,0.250418969832465,0.8779738426194079,1.3163023210322742,0.22389265869775316,0.7823718632843505,0.901437274048441,0.3342139079961791,0.7615467080390947,0.8198103895931173,0.3040615352259067,0.8085633942104484,0.9469887313331711,0.308243003134567
64,2022-07-24 00:00:00+00:00,2022-08-02 00:00:00+00:00,0.25547495090902,1.0,2.5547495090902,0.7918511080318876,1.1049308713313064,0.28819204778197005,10.0,0.43462915936119123,0.7523816964853848,1.099084077742742,0.4110015526185215,0.7492865309061479,0.9939049989149776,0.4384134764597197,0.885240288844839,1.096292732852218,0.48107093699268866,0.9314011055339886,1.4707137866444413,0.4277386458283857,0.6409459183890778,0.8646587605021523,0.41492118490664076
65,2022-08-03 00:00:00+00:00,2022-08-12 00:00:00+00:00,0.10980306012528003,0.49331348210000003,1.0980306012528003,0.5329967747667215,0.411937964471368,0.40481430607493146,0.0,0.2015911459468797,0.58978825044843,0.42166184187615485,0.2649417752619196,0.5889494218809885,0.49802080405947313,0.2540396601208582,0.5405551626634517,0.4120508994557346,0.18086095480924563,0.45489156359433947,0.3790903904865219,0.1709588401485682,0.4907994752463978,0.34886588647895506,0.13715449939380672
66,2022-08-13 00:00:00+00:00,2022-08-22 00:00:00+00:00,0.3447633192168,1.0,3.447633192168,0.7552122315479542,1.031261815169741,0.32411009181560163,6.0,0.6404530326556475,0.7428390650395873,1.3845284153619413,0.6224369837675592,0.635658786870664,1.0030717800792843,0.5789916356292731,0.7363397761136179,0.7962705048220499,0.6240017254978887,0.9305899679808824,1.2397161089667268,0.7113213276955687,0.7306335617350204,0.7327222666187031,0.6655134906879476
67,2022-08-23 00:00:00+00:00,2022-09-01 00:00:00+00:00,0.29688219271902,1.0,2.9688219271902,0.7152194114203116,1.0175951235843415,0.2703587105801825,9.0,0.4413177073050161,0.6852615211816061,0.8449470669898842,0.38965291854157,0.7710150212062661,1.161794554207503,0.4087950743020108,0.6891487413642203,0.9826227135296088,0.393034449524032,0.5983471127160225,0.8579845039413001,0.4473185164853172,0.8323246606334432,1.2406267792534105,0.5677875776721508
68,2022-09-02 00:00:00+00:00,2022-09-11 00:00:00+00:00,0.3131145400742,0.99999989972,3.1311454007419997,0.6931590464002478,0.9151434975494182,0.31948730809190173,7.0,0.1563045670320078,0.7915814852163815,1.441727649917548,0.2000514437781261,0.5210790929660696,0.42726711998126843,0.11228019114218482,0.6270497442582619,0.6165462706651711,0.09327215108309864,0.7274175726968688,1.1568484960214709,0.19840196941472735,0.7986673368636571,0.9333279511616326,0.1775170797419021
69,2022-09-12 00:00:00+00:00,2022-09-21 00:00:00+00:00,0.4682947997484,1.0,4.682947997484,0.9192919655135988,1.2781924474819475,0.38273996373981234,11.0,0.6157316426726783,0.754827791024661,0.9971819856316604,0.5418622089155559,1.0769165102958005,1.4870404109336588,0.8399958762205333,1.1288725353938929,1.7375544278923978,0.6313051256576483,0.7015871458386667,0.7556619008869283,0.4795199939278051,0.934255845014972,1.4135235120650915,0.5859750086418491
70,2022-09-22 00:00:00+00:00,2022-10-01 00:00:00+00:00,0.11363373888906003,0.99818648196,1.1363373888906003,0.45876146154893754,0.3980773836515262,0.22788517999870112,2.0,0.13390614339482443,0.41585576018149284,0.33582081704722955,0.11493380464577344,0.3277992707308607,0.28908625594279924,0.051656796236684545,0.6791614112719236,0.5629575835841122,0.28783761098875127,0.4730175207470288,0.4663644156033805,0.09724055778388138,0.39797334481338154,0.3361578460801093,0.11786194731903155
71,2022-10-02 00:00:00+00:00,2022-10-11 00:00:00+00:00,0.0598736015677,0.178863828728,0.598736015677,0.4537001855854219,0.30960212952280836,0.25156459753455684,0.0,0.2543106146238479,0.43482311655791694,0.28310058038460895,0.2269084100212063,0.3578586584157301,0.2219356573243337,0.1229034248863526,0.45507476312850575,0.260475286894499,0.29103039008523185,0.6152565677070375,0.5202573439542967,0.40621986164077056,0.40548782211791934,0.26224177905630336,0.22449098648567825
72,2022-10-12 00:00:00+00:00,2022-10-21 00:00:00+00:00,0.21555353176778,0.98579841286,2.1555353176778,0.590551886183025,0.507216832714869,0.32364375667776146,2.0,0.29117360916321333,0.4894434385161789,0.2725606053861892,0.21265270882933374,0.5094801963215648,0.3375097045304355,0.18111629680782834,0.7379130871769358,0.7031766508682982,0.4843595573665226,0.41274214201606274,0.24118638185595156,0.21859582310711043,0.8031805668843827,0.9816508209334704,0.3591436597052716
73,2022-10-22 00:00:00+00:00,2022-10-31 00:00:00+00:00,0.8189895933656599,1.0,8.189895933656599,1.2179082589599088,2.175201076163221,0.5769562112764504,17.0,0.26107774514095794,1.0715710157489744,1.5845745333373735,0.36529531983106944,1.469228428754524,2.961599625458064,0.38474213308937844,1.027816165920903,1.7863267368610836,0.22234423751933047,1.332331579316072,2.2261039319777884,0.13770103739665662,1.1885941050590705,2.317400553181797,0.19530599786835467
74,2022-11-01 00:00:00+00:00,2022-11-10 00:00:00+00:00,0.8403227173608,1.0,8.403227173608,1.7866454528402134,4.849574201097604,0.5530060793463561,26.0,1.1872956252417217,1.7270855170268953,4.96086189660685,1.1627767973660175,1.6008446427660683,4.231220043803582,1.1034753679819818,2.158314795889381,6.2177805666258,1.4415263654268116,1.7647233671314122,4.662619877266809,1.0686935977879553,1.6822589413873097,4.17538862118498,1.1600059976458428
75,2022-11-11 00:00:00+00:00,2022-11-20 00:00:00+00:00,0.08204853569584002,0.50323890508,0.8204853569584002,0.372963626657749,0.21743960539274407,0.22022929454716017,0.0,0.2748979586784942,0.35397264560660885,0.16308113979221092,0.2137067171912641,0.3193987675105432,0.15911055367205681,0.24650832141472642,0.33873552053491685,0.18153533064378413,0.21432242420355285,0.409020333008832,0.22702111245693235,0.3486166453938825,0.4436908666278442,0.3564498903987362,0.3513356851890452
76,2022-11-21 00:00:00+00:00,2022-11-30 00:00:00+00:00,0.13463704249304,0.8884859774,1.3463704249304,0.4490593967899852,0.3655371706556598,0.22392147499650966,1.0,0.08175884293335285,0.42399312108818543,0.3044936665059368,0.06957469625833956,0.44230812809851594,0.3057518216687666,0.06016602780119906,0.4043874827457108,0.289768935877985,0.03845432797059157,0.5868395837023217,0.6553671236760364,0.17841813875392748,0.387768668315192,0.27230430554957463,0.06218102388270654
77,2022-12-01 00:00:00+00:00,2022-12-10 00:00:00+00:00,0.00782041040492,0.0120888265088,0.0782041040492,0.2949572754530061,0.13019907190285587,0.1618732487779914,0.0,0.09967460280094415,0.2607360808262387,0.10519328958264888,0.07830768430383198,0.3797268575972377,0.19229253746997313,0.16659345298689768,0.2603198789198185,0.09052619144559633,0.051959559340102345,0.2715503399534852,0.09291142418738171,0.13879713048322778,0.30245321996825036,0.17007191682867928,0.06271518689066104
78,2022-12-11 00:00:00+00:00,2022-12-20 00:00:00+00:00,0.49984121479380006,1.0,4.998412147938001,0.8972581134061067,1.4158873720662197,0.4168795147262279,8.0,0.557266744224652,0.9167208931872967,1.4221391102941705,0.513893288917453,0.8029814640279713,1.1725529975191087,0.4662235863159007,0.6382577892511639,0.9752535419587648,0.39658828785534367,1.0915957517587842,1.6694207516153825,0.7369262676931536,1.0367346688053176,1.840070458943672,0.6727022903414089
79,2022-12-21 00:00:00+00:00,2022-12-30 00:00:00+00:00,0.11424773556464,0.9982391379,1.1424773556464,0.3291377995596765,0.2991745789682457,0.3167933990055027,1.0,0.22413576259149928,0.28109680917109114,0.13363169097605807,0.20897707275157415,0.2166291849972406,0.090698101062935,0.14232979203217108,0.5674143596463614,0.9739502598717269,0.45380241569036117,0.25987219019392693,0.11049699437637472,0.06175931855636202,0.3206764537897624,0.18709584855413336,0.2538102139270278
80,2022-12-31 00:00:00+00:00,2023-01-09 00:00:00+00:00,0.45390533863971994,0.99846226456,4.5390533863972,0.635960825723157,0.9052805065830307,0.500912158199039,7.0,0.04638400525036494,0.3232065931976619,0.1762701485536708,0.025305792892984687,0.5219511107395972,0.4753348449237834,0.03825295826000439,1.0922972646450957,2.4144338032927974,0.052996135302067114,0.5638714035421206,0.6796938076486462,0.04179447578768435,0.6784777564913097,0.780669928496255,0.07357066400908419
81,2023-01-10 00:00:00+00:00,2023-01-19 00:00:00+00:00,0.6150946337502,1.0,6.150946337502,1.0802461479903729,2.006209328907227,0.6677212310990628,12.0,0.34834603205890075,1.4868539029194023,3.0253615357604544,0.2898437792195251,1.1061386945575564,1.7278381893534616,0.36270057669978917,0.8525967033941722,1.6886982901436476,0.33360492192729313,0.8757655963810886,1.1155658894729084,0.4334270468572493,1.079875842699645,2.4735827398056616,0.32215383559064714
82,2023-01-20 00:00:00+00:00,2023-01-29 00:00:00+00:00,0.5674481563214,1.0,5.674481563214,0.8508029166617882,1.160923249279407,0.4489303531224321,5.0,0.4225993502733026,0.7936046790089183,1.2523771208929744,0.3632412912692672,1.171343661844491,1.882793908738447,0.6596959384484811,0.6906029865629901,0.6691628269974526,0.3872837770272201,0.7717154647665527,0.827671231596008,0.38364858497508486,0.8267477911259892,1.1726111581721537,0.3191271596464601
83,2023-01-30 00:00:00+00:00,2023-02-08 00:00:00+00:00,0.33713188539331995,0.9999999983999999,3.3713188539331993,0.7125832983824448,0.7238717485203213,0.26365085106999403,3.0,0.5484608058027114,0.8290505390187599,0.972043163155278,0.71399026474325,0.7249463611181092,0.8584601921742528,0.5205270963305122,0.5445621068574179,0.41046869942636954,0.4790546510164755,0.8044935961138255,0.8054109728356467,0.5019075941306007,0.6598638888041111,0.5729757150100594,0.5268244227927185
84,2023-02-09 00:00:00+00:00,2023-02-18 00:00:00+00:00,0.48764164905804,1.0,4.8764164905804,0.9124608826290503,1.497261186265825,0.3554610374481525,10.0,0.4764698078325981,1.0088491509029054,1.9744940941539384,0.45459022291826934,0.9494170530248593,1.42651955839104,0.46831685448507415,0.7539773096020201,0.823271421904273,0.36748707046798323,1.148127501543966,2.334935618001447,0.6911460572513586,0.7019333980715002,0.9270852388784245,0.40080883404030565
85,2023-02-19 00:00:00+00:00,2023-02-28 00:00:00+00:00,0.15365697265808,0.9133385651600001,1.5365697265808,0.5741819744729981,0.4292690821627609,0.2805832722655375,0.0,0.3957148464041414,0.5623545785220008,0.4126106988446606,0.42310441294016465,0.5068572037627634,0.3547822347351969,0.3566463072828678,0.728529387167254,0.6048680891829699,0.42371516060206266,0.4333664285781449,0.23944023942879783,0.31034788304010014,0.6398022743348275,0.534644148622179,0.46476046815551203
86,2023-03-01 00:00:00+00:00,2023-03-10 00:00:00+00:00,0.33090967484211997,0.99999912266,3.3090967484212,0.6066775360065422,0.6928272470362166,0.3489900840739445,5.0,0.44385316224193316,0.6455542776133485,0.8841971220405949,0.5427414832362849,0.6475271571123006,0.9659629424513527,0.503956764559352,0.6715843828319532,0.7195799747029001,0.4779125600198445,0.3655938923676446,0.28653394694964185,0.2692486593789646,0.7031279701074639,0.6078622490365923,0.42540634401522015
87,2023-03-11 00:00:00+00:00,2023-03-20 00:00:00+00:00,0.5904048232946,1.0,5.904048232946,1.079545032919625,1.8188951473168282,0.4902823828464021,15.0,0.24628337050764845,1.188701753761778,2.1466033287327164,0.1582936661810617,1.1191958061301273,1.7435656265802433,0.2605777432787327,0.8678529329788761,1.3604537865437256,0.20189131483470485,1.0616047558244381,1.8890997102707732,0.20645983002693793,1.1603699159029053,1.954753284456681,0.40419429821680525
88,2023-03-21 00:00:00+00:00,2023-03-30 00:00:00+00:00,0.40709514579134,0.99883631176,4.0709514579134,0.6795751734443415,0.6726238365419807,0.2789599323729318,2.0,0.36328873406636725,0.6018176022233785,0.5049102317303042,0.35648551788200894,0.7818080404524044,0.8169226044801942,0.37374147705106314,0.7481718923858072,0.6692474699470025,0.4105515277809217,0.6897744964699857,0.920361991890888,0.4630909879136544,0.5763038356901318,0.45167688466151423,0.21257415970418822
89,2023-03-31 00:00:00+00:00,2023-04-09 00:00:00+00:00,0.01509383688282,0.044570738672,0.1509383688282,0.3381104779443485,0.16308304607723234,0.1959996374601934,0.0,0.2197168764475076,0.3045979691952223,0.11603667989475916,0.25546002778850324,0.43080097060386713,0.2492789820631482,0.25326880402483687,0.33775670327483864,0.16781024437116618,0.19474984436517234,0.24901333036348183,0.09082289644167335,0.19454693194330788,0.36838341628433235,0.19146642761541477,0.20055877411571754
90,2023-04-10 00:00:00+00:00,2023-04-19 00:00:00+00:00,0.4735502270888,1.0,4.735502270888,0.9500299903750817,1.5957567712478247,0.5664258402741642,10.0,0.4716621511543423,0.8661108154765561,1.2733853105331074,0.5536419601614473,0.9953415867001727,1.6606726645347294,0.5286344114484927,1.0335691605703332,1.669679745476674,0.44178055642669734,0.9622274074756128,1.5892679340314433,0.4404538394282952,0.8929009816527342,1.785778201663169,0.393799988306779
91,2023-04-20 00:00:00+00:00,2023-04-29 00:00:00+00:00,0.4237556295215,0.9999968112000002,4.237556295215,0.6948758619201828,0.751914054233104,0.44963472878450456,5.0,0.3850926951921256,0.7407058458755015,0.8534780214275253,0.34881479600402765,0.5231496701547931,0.5015882182677177,0.3189992259455918,0.7403191532937511,0.6845386623179006,0.356758906587476,0.6789890130856414,0.7333067913549831,0.3743790565739688,0.7912156271912274,0.986658577797394,0.5265114908495637
92,2023-04-30 00:00:00+00:00,2023-05-09 00:00:00+00:00,0.5367136004401601,0.99918256874,5.367136004401601,0.7513770286374246,0.8479890439995015,0.4224593050156232,5.0,0.5036353106860821,0.7500769050368084,0.8431301934498514,0.5106193745250226,0.8441950704156523,1.0706586636816058,0.4896374571512232,0.6870910207401411,0.6856616964942501,0.5286874324378956,0.791308131024551,0.9731465294605262,0.48714000651100975,0.6842140159699701,0.6673481369112741,0.5020922828052592
93,2023-05-10 00:00:00+00:00,2023-05-19 00:00:00+00:00,0.09200270497688001,0.6709577383600001,0.9200270497688001,0.42832271320894544,0.27024883513106984,0.1997870120290739,0.0,0.17717732199662337,0.42150540512406903,0.28002251173828285,0.1935050143227069,0.3334490188738465,0.15821137144991992,0.12715885018767678,0.5180856790669729,0.4073747326466649,0.21214954063922145,0.37851857802383176,0.20793629246693204,0.16817777248708782,0.4900548849560071,0.2976992673535493,0.18489543234642397
94,2023-05-20 00:00:00+00:00,2023-05-29 00:00:00+00:00,0.36917693529742,0.99999818972,3.6917693529742,0.7763333414694269,0.9334803081141858,0.3308151890719589,4.0,0.2768318128359431,0.9065364052468882,1.2919435589826485,0.31156579032638004,0.7056032351206057,0.8444815679998131,0.2247223623120898,0.7446103138744893,0.9833479721670566,0.28781866741711726,0.7128005646334237,0.6888814699864588,0.25955180257833316,0.8121161884717278,0.8587469714349515,0.30050044154579514
95,2023-05-30 00:00:00+00:00,2023-06-08 00:00:00+00:00,0.48922797053159994,1.0,4.892279705316,1.1014176455360463,2.220505156421241,0.4501799930520953,13.0,0.6632719303819321,1.095415325197807,2.12059484657082,0.6345819347293176,0.9779848635260363,1.7084165865257877,0.5649329321391348,1.2070901458243275,2.234321189447999,0.6893625874710434,1.1993823379965165,3.3432883749373006,0.933939486338474,1.0272155551355435,1.695904784624298,0.4935427112316912
96,2023-06-09 00:00:00+00:00,2023-06-18 00:00:00+00:00,0.43434328395862,1.0,4.3434328395862,0.7564767334473695,1.353368933827454,0.4686785895006921,7.0,0.46522887710478394,0.5686120789615581,0.5956723219472132,0.27227518486495644,0.7752970731924316,1.4146193353514858,0.5320615242993805,0.8692889664635824,1.4328185444486943,0.5782386058585687,0.7778805761847412,1.3728092644341712,0.37735418744541016,0.791304972434535,1.9509252029557054,0.5662148830556039
97,2023-06-19 00:00:00+00:00,2023-06-28 00:00:00+00:00,0.34654034935994,0.99994194812,3.4654034935994,0.7807392680594007,0.8437265805017717,0.32800390403611573,5.0,0.26086960369846773,0.8590449412739879,1.1791427174836073,0.2235692627138846,0.8506989280194037,1.0107698744727034,0.30257856545493833,0.8042641716853973,0.6791982318861803,0.28850473322027564,0.5321080598643702,0.34550765112717047,0.22288934464525764,0.8575802394538442,1.0040144275391973,0.26680611245798236
98,2023-06-29 00:00:00+00:00,2023-07-08 00:00:00+00:00,0.36197709607402007,0.9806474232000001,3.6197709607402007,0.5962849052891395,0.6380405833206947,0.48546672165691235,4.0,0.18043984055446283,0.4460518395186785,0.2974058933391034,0.30490974333536697,0.6195908781406999,0.619033998869037,0.28519740804366,0.7868017366433777,1.3247975135290586,0.04163692496123011,0.5555095618712759,0.4485876921446974,0.13716236102169393,0.5734705102716655,0.500377818721577,0.13329276541036325
99,2023-07-09 00:00:00+00:00,2023-07-18 00:00:00+00:00,0.47962201942279997,1.0,4.796220194228,0.8052057383819283,1.2169132947833088,0.5246564951328117,9.0,0.45238711823670935,0.6647638531797816,0.8213360058957149,0.49894591766824536,0.6734088661366402,1.054508699608625,0.37923011522678346,0.847460062100439,1.5092281663530542,0.4239047295482747,1.0462807381935157,1.6239603297093197,0.49293751950726783,0.7941151722992653,1.0755332723498296,0.46691730923297536
100,2023-07-19 00:00:00+00:00,2023-07-28 00:00:00+00:00,0.13674141235402,0.99964279494,1.3674141235401998,0.4470257909111077,0.37166294359266777,0.3331382599393509,1.0,0.29134981082549705,0.49089120861592095,0.5539966426276546,0.295256059033399,0.376107841939144,0.2225850778520647,0.22413135948806479,0.657518576681374,0.6658617543346008,0.49853752524953787,0.31642855957936095,0.12889713507824338,0.1448739316588973,0.3941827677397386,0.2869741080707757,0.29395017869758633
101,2023-07-29 00:00:00+00:00,2023-08-07 00:00:00+00:00,0.15395156728940002,0.9820578684200001,1.539515672894,0.36315568913878465,0.28483400907485146,0.2545453114307803,0.0,0.23116877621584844,0.36123083074369655,0.3274361726162446,0.13930508380526674,0.28064271401784324,0.16013720316947072,0.18269576614712205,0.4381925613100715,0.3183210077447153,0.365610517244688,0.3932781214890914,0.42107607471974423,0.20246642849970228,0.34243421813322034,0.19719958712408225,0.2657660853824634
102,2023-08-08 00:00:00+00:00,2023-08-17 00:00:00+00:00,0.37439368262275996,1.0,3.7439368262276,0.9449823956838661,2.0793475619346116,0.3652002537867267,10.0,0.7424852739915176,1.019816154926319,2.6142353765091206,0.7853617172201077,0.9112705492385154,2.4666280746324496,0.7318686767308492,0.8348035088395467,1.0291224218118198,0.5291933042801504,0.9528156633904116,2.128789604511147,0.8330286891089124,1.006206102024538,2.1579623322085175,0.8329739826175683
103,2023-08-18 00:00:00+00:00,2023-08-27 00:00:00+00:00,0.32087983529276,0.99988849128,3.2087983529276,0.6660144598000798,0.7101169338817577,0.44953347897088386,6.0,0.25048564303369975,0.42367613352899164,0.30503954842161624,0.14447916584209103,0.6454601351675537,0.6783811058721415,0.24146342729414694,0.7438322144220135,0.8210340663103561,0.35110572385623756,0.677984488655061,0.7754170955563887,0.2247649783900393,0.8391193272267781,0.9707128532482866,0.29061491978598397
104,2023-08-28 00:00:00+00:00,2023-09-06 00:00:00+00:00,0.30608157672425995,1.0,3.0608157672425995,0.7354223820657618,1.1174397319509326,0.2977067105402339,8.0,0.3056762349715717,0.734545590662034,1.5417020431472486,0.29813710515057035,0.6456460329137019,1.0579231941663845,0.25965313838261983,0.844271218402084,1.1181487845143125,0.42589679712738515,0.6795387210673336,0.8487458576724849,0.2757599329903829,0.7731103472836561,1.0206787802542319,0.26893420120690037
105,2023-09-07 00:00:00+00:00,2023-09-16 00:00:00+00:00,0.30528804182322,0.99911707384,3.0528804182322,0.6238170402127541,0.5995682623357561,0.278503231734179,3.0,0.21723258601337647,0.5973145171762979,0.5499072861860936,0.14921249502227396,0.6892599580339953,0.7528513429909511,0.25038958191372096,0.6855359721567046,0.6986528398403169,0.2525380109509189,0.5987312763135021,0.5730601005180211,0.20263163857338803,0.5482434773832705,0.42336974214339795,0.23139120360658053
106,2023-09-17 00:00:00+00:00,2023-09-26 00:00:00+00:00,0.15355541717834,0.9974112594999999,1.5355541717834,0.5576620117598,0.4676249150421213,0.35582540790809924,1.0,0.2877816367243591,0.38907928378523293,0.2959507954739966,0.24550754317214812,0.502918367634624,0.35888110671024254,0.2901881772434036,0.5612666758200328,0.5459806281511099,0.2460497980126409,0.5781093055520424,0.4677428317687788,0.30845009213101865,0.756936426007068,0.669569213106479,0.3487125730625841
107,2023-09-27 00:00:00+00:00,2023-10-06 00:00:00+00:00,0.64623666665592,1.0,6.462366666559199,1.085639050713481,1.9592758867074622,0.5643531176560274,15.0,0.3278578577400894,0.970194736679795,1.5265871254722287,0.3132192585096645,1.1263576222880411,2.114660185294185,0.4387300452048092,1.112756021735972,2.0451709620848124,0.23537585921270074,0.7759644010714832,0.9499616055121372,0.352217058832876,1.4429224717921127,3.1599995551739473,0.29974706694039693
108,2023-10-07 00:00:00+00:00,2023-10-16 00:00:00+00:00,0.41441022367693997,0.9999999997,4.1441022367694,0.7708217718392646,1.0864525843623727,0.4171382887107099,10.0,0.44068832202230274,0.8179472904169641,1.407749400381658,0.4075003101526205,0.6143749309349147,0.7236003388552776,0.354471459349124,0.746438942321143,1.0826408313262306,0.4359101697996016,0.9855281542748653,1.3975361351300974,0.4327753260809688,0.6898195412484356,0.820736216118601,0.5727843447291988
109,2023-10-17 00:00:00+00:00,2023-10-26 00:00:00+00:00,0.645929893442,1.0,6.4592989344200005,1.000364704304173,1.6225300534556488,0.6472432338195315,9.0,0.2632952367120284,0.9556941029621429,2.1437808090014507,0.1596245045536921,0.8210126260679246,1.2972562915823211,0.13248408404756135,1.1905567671415889,1.8231607941455767,0.34990930720175145,1.0357520264586295,1.7219583556663836,0.3891676496580703,0.9988079988905799,1.1264940168825122,0.28529063809906696
110,2023-10-27 00:00:00+00:00,2023-11-05 00:00:00+00:00,0.45700883036925993,0.9924919000800001,4.570088303692599,0.699588420014325,0.7352115955846211,0.6279273349184012,5.0,0.2928796196231761,0.42468117313179493,0.26495824664969697,0.3330667209836076,0.6208819134128164,0.5558886666744071,0.2595224002910611,0.9947682604049429,1.1248505986877921,0.43434100639910617,0.707029703702509,0.7964161733304638,0.13369146262745718,0.7505810494195619,0.9339442925807455,0.3037765078146482
111,2023-11-06 00:00:00+00:00,2023-11-15 00:00:00+00:00,0.9013738819374,0.99999999986,9.013738819374,1.1657986880482925,2.403133128699664,1.0686461849349398,17.0,0.48736262216817006,0.8035702334453138,1.0942332381556181,0.4486980487520838,1.070839321176477,2.4588129922844946,0.5392408824788173,1.0537139469337093,2.084746021375649,0.3666270976823613,1.1343856804676342,1.9898102167072067,0.6208522278820352,1.766484258218328,4.388063174975349,0.46139485404555247
112,2023-11-16 00:00:00+00:00,2023-11-25 00:00:00+00:00,0.4011642233278,1.0,4.011642233278,0.7861750988323593,1.312887636736296,0.424309556488678,12.0,0.5549496418270448,0.79438424745004,1.2522005593524184,0.5000227864245665,0.7152317949841961,1.087265863773696,0.4465001873343266,0.8252117185571113,1.1546026480673142,0.6598978458545964,0.9868086552399055,2.344674085470589,0.695811748046651,0.6092390779305432,0.7256950270174617,0.47251564147508374
113,2023-11-26 00:00:00+00:00,2023-12-05 00:00:00+00:00,0.13123803460300001,0.5921546601600001,1.31238034603,0.4538764626203141,0.3476743564994137,0.3464581545115178,2.0,0.1951154775319756,0.755465914176866,0.8829217953839471,0.13402223158697396,0.471314330418537,0.2741944877148067,0.1622675805672939,0.4175723159965224,0.24037533269801722,0.29581062109317935,0.31626168566058005,0.15581775862461195,0.178853273602247,0.30876806684906494,0.18506240807568552,0.20462368081018378
114,2023-12-06 00:00:00+00:00,2023-12-15 00:00:00+00:00,0.3576713441572,0.9999981795599999,3.5767134415719997,0.6991618160971349,0.784603057744825,0.6292419849215716,5.0,0.3601274911368342,0.7299970938770108,0.9331388610934146,0.5693218527064946,0.881760929094298,1.1834996966744344,0.5852415662433688,0.7190837548407809,0.6594107535911229,0.3198248424931247,0.5915543672174535,0.5081249329383233,0.182154790357335,0.5734129354561305,0.6388410444268293,0.14409440388384817
115,2023-12-16 00:00:00+00:00,2023-12-25 00:00:00+00:00,0.5543995248078001,0.9910767123,5.543995248078001,0.7425687832080752,0.8227692622970022,0.5859612628320459,4.0,0.3018985702812423,0.5961781355895581,0.5076251566825906,0.3309198697739065,0.5518299084441871,0.48827795954587916,0.29926521226906166,0.9913656049398092,1.416078650732731,0.14285137224671068,0.8210298801830916,1.0310235632997353,0.31008710965655395,0.7524403868837294,0.6708409812240743,0.4263692874599786
116,2023-12-26 00:00:00+00:00,2024-01-04 00:00:00+00:00,0.6305816077740001,1.0,6.30581607774,1.0193517272379822,1.6018818516403828,0.7806526080508458,11.0,0.6344883314112773,0.9308171573368332,1.2445789270909988,0.505777558599516,0.9702849576646366,1.4807847754658061,0.5391754142470437,1.0290380922689835,1.2543833114156144,0.8104206754160803,1.008742856331504,2.3492356005752013,0.33545587265770943,1.1578755725879544,1.6804266436542932,0.9816121361360372
117,2024-01-05 00:00:00+00:00,2024-01-14 00:00:00+00:00,0.5595746290539999,0.9999999970199999,5.595746290539999,0.8236421395654129,1.1887664785708414,0.5256550383567418,6.0,0.5144490337431405,0.8245667183607364,1.6737165663212696,0.5357389596114857,0.9281890877095395,1.6798152995867877,0.3441001139048986,0.7823526992051055,0.8103475210641339,0.5669949313933752,0.6248823566083165,0.5857173070579651,0.5544551564714029,0.9582198359433672,1.1942356988240508,0.5709560073345409
118,2024-01-15 00:00:00+00:00,2024-01-24 00:00:00+00:00,0.27147389786722,0.99999849148,2.7147389786722,0.5973511238462152,0.610958582022335,0.42674501173699975,4.0,0.38859035720365936,0.5502899955762891,0.5395339540630176,0.32383119099387414,0.6445947680069135,0.6590430802173571,0.5161528728413158,0.6086827139671451,0.6364071346063449,0.3579058117398003,0.6061801306389403,0.637888520182399,0.43237776788164417,0.5770080110417881,0.5819202210425561,0.3126841425616625
119,2024-01-25 00:00:00+00:00,2024-02-03 00:00:00+00:00,0.18813569535996,0.99108480906,1.8813569535996,0.5414505198567859,0.5004528783211852,0.2760669814550382,3.0,0.15368275509519724,0.4289594337785464,0.418405957133669,0.0817024376615581,0.36240003093188605,0.21905625412667398,0.13502876973950845,0.6011019494349666,0.5114621042344745,0.1723595275613413,0.5209150761410805,0.540931588287807,0.17532507988758322,0.7938761089974501,0.8124084878233016,0.20399796062599512
120,2024-02-04 00:00:00+00:00,2024-02-13 00:00:00+00:00,0.3322043977485599,0.99903785668,3.3220439774855994,0.6652371273674578,0.7022632260190431,0.4275284033642075,4.0,0.1364078521544201,0.7504908676611582,0.8049455279543454,0.08698401524628303,0.6722461911007198,0.9579217897947663,0.06693705588955766,0.526022964278859,0.407744850806164,0.11063721396979438,0.7063122255864676,0.6649746062734531,0.18843222205254712,0.6711133882100853,0.6757293552664868,0.22904875361391844
121,2024-02-14 00:00:00+00:00,2024-02-23 00:00:00+00:00,0.569108657012,0.9999929898400001,5.6910865701199995,0.8680125480562448,1.090111564582609,0.6622689726255255,5.0,0.5036597496372461,0.7240037865358653,0.8162196212625666,0.5324793898627245,0.9096367543022545,1.0579544496603894,0.38630942392977835,0.8856894889108636,0.8617682477211591,0.7214029918030346,1.1058425218815877,2.1190521902140587,0.3110654174367556,0.7148901886506522,0.5955633140548703,0.5670415251539379
122,2024-02-24 00:00:00+00:00,2024-03-04 00:00:00+00:00,0.5579642123308001,1.0,5.579642123308001,0.9276462195931292,1.4430067346297317,0.7328096956479987,8.0,0.21601128748446694,1.3788085523804292,3.070921477287816,0.24541516349587567,0.8773957525279075,0.9387950655347188,0.2030060815581307,0.9589030262884435,1.5608070258218871,0.13315332949230915,0.7502503095684422,1.009043833400402,0.33789635992312156,0.6728734572004236,0.635466271103834,0.16058550295289747
123,2024-03-05 00:00:00+00:00,2024-03-14 00:00:00+00:00,0.787917346612,1.0,7.879173466119999,1.1439377367920545,2.187611244509843,0.8980562686888559,16.0,0.511506517654319,0.7450944575265978,1.130101248667216,0.522003689311988,1.1053728387916066,1.7243451470090487,0.7372219778063844,1.0012868662252912,1.6286590527109694,0.29135310242066753,1.568489346490038,3.5907945690990863,0.5104991859973248,1.2994451749267384,2.8641562050628924,0.4964546327352307
124,2024-03-15 00:00:00+00:00,2024-03-24 00:00:00+00:00,0.74411360826074,1.0,7.4411360826074,1.186714486951884,2.0405386197499866,0.5617517603960767,14.0,0.7776859744585789,1.2210214582940353,1.9688447373305844,0.8204516204605662,1.4786007664598937,3.0968929483455083,1.0581494551909532,1.3052797716083833,2.3051184606570483,0.7731062472983011,0.8725084910972418,1.2517759411654423,0.6454648876622088,1.056161947299866,1.5800610112513511,0.5912576616808658
125,2024-03-25 00:00:00+00:00,2024-04-03 00:00:00+00:00,0.21178356772584,0.99992079694,2.1178356772584,0.5239961269673877,0.442758546407768,0.2407388105111096,2.0,0.39173459431167035,0.5121916911412915,0.4106883403609086,0.3444998436802478,0.6071441011427878,0.5475889919047611,0.3739640890437344,0.43146809638074846,0.3831148950536366,0.35234317585082336,0.48989637050557305,0.3635723422008329,0.36784849860506547,0.5792803756665375,0.5088281625187008,0.5200173643784807
126,2024-04-04 00:00:00+00:00,2024-04-13 00:00:00+00:00,0.33257505898455997,0.99999986392,3.3257505898455997,0.6968704165760907,0.8822547828307483,0.3940882765186574,7.0,0.4939946818472961,0.6688455987361518,0.5754877770718176,0.3724979618767356,0.7822761402508087,0.9710342100474548,0.4377025496420613,0.6788524950051161,0.9601467150640597,0.6460604297434288,0.48383336701355295,0.4703683286814039,0.3281244685516159,0.8705444818748237,1.434236883289006,0.6855879994226393
127,2024-04-14 00:00:00+00:00,2024-04-23 00:00:00+00:00,0.3680896446583,0.9810901087599999,3.680896446583,0.6432741661370067,0.6712955156033219,0.29354845211159236,4.0,0.16328429906420414,0.6029142289831905,0.49891973376169546,0.21714259372525965,0.4522666614123276,0.3516400882121336,0.09086397898707171,0.8018719897603486,1.0054026611586622,0.21142848449908533,0.6065908441406809,0.5277075207907076,0.14868155625620127,0.7527271063884865,0.9728075740934103,0.1483048818534028
128,2024-04-24 00:00:00+00:00,2024-05-03 00:00:00+00:00,0.32537413737246,0.9999179149799999,3.2537413737246004,0.6454845688887016,0.6956001011985552,0.412708447559771,4.0,0.3256076732632534,0.8059146413514728,1.1415129296812399,0.4429703387859146,0.6009584900079055,0.6360976169361512,0.2956026838071736,0.7142136544894975,0.6972833080789731,0.33079254736506997,0.5761995140773626,0.5899814639295156,0.3502095568515974,0.5301365445172703,0.41312518736689663,0.2084632395065115
129,2024-05-04 00:00:00+00:00,2024-05-13 00:00:00+00:00,0.1674857548836,0.8408067213200001,1.6748575488360002,0.4992418470734413,0.3656723228122825,0.3323879975785407,0.0,0.2237250589452873,0.6060359587919066,0.5022800054915002,0.23856044697426362,0.4506007995161691,0.3047310280695778,0.23204801167586075,0.5775061456512538,0.5003872607226421,0.211584718017566,0.45894955924201114,0.26619580214579863,0.2220975266284746,0.4031167721658657,0.25476751763189387,0.21433459143027145
130,2024-05-14 00:00:00+00:00,2024-05-23 00:00:00+00:00,0.5864993664322,1.0,5.864993664322,1.0379351046370358,1.7931053222423006,0.47516698978429306,11.0,0.36844345377827287,0.955694147265867,1.5406924232044246,0.3696262642468439,1.2542901141101432,2.9060622750116503,0.314369525818964,0.8752788210357594,1.352913768212011,0.2932191498718348,1.049793898028887,1.452334013870877,0.5302452197486692,1.0546185427445227,1.7135241309125415,0.33475710920505275
131,2024-05-24 00:00:00+00:00,2024-06-02 00:00:00+00:00,0.02314242730566,0.050713101994,0.23142427305660002,0.3704743294968942,0.2091008292905451,0.2680757644425547,0.0,0.2741960419073697,0.337260719131121,0.14888467275730466,0.22847644422527713,0.32143655192684994,0.13646684837615608,0.24342130519156518,0.4778968007451331,0.3470514393080994,0.4009026007537925,0.24156203087109057,0.08662366494789378,0.11942791713291397,0.47421554481027606,0.3264775210632718,0.37875194223329955
132,2024-06-03 00:00:00+00:00,2024-06-12 00:00:00+00:00,0.51377562037324,0.99999148816,5.1377562037324,0.7796128431345477,1.0726214836407721,0.5232891639215078,6.0,0.46145179606709796,0.5316999813438844,0.4733541051866264,0.3267856502522636,0.46389445541169083,0.40138916011100323,0.4030423120502437,0.774697966156252,0.7918903891237223,0.49670575015020263,1.399827439385764,2.9731619966519713,0.6665218670287192,0.727944373375148,0.7233117671305374,0.4142034008540606
133,2024-06-13 00:00:00+00:00,2024-06-22 00:00:00+00:00,0.33814886151902,0.99657725556,3.3814886151902,0.6108388271877174,0.603024099796958,0.450419719058787,2.0,0.4209052683934446,0.4255374262795998,0.312322651897415,0.34036323189031814,0.5119900980909049,0.3900015992554001,0.29629928633881214,0.7272290098228867,0.7638324375794052,0.47587373189702725,0.46053699651490376,0.33847988291076814,0.31905271288154013,0.9289006052302918,1.210483927341802,0.6729373789595259
134,2024-06-23 00:00:00+00:00,2024-07-02 00:00:00+00:00,0.60920236993806,0.99999881364,6.0920236993806,0.8571837764805043,1.2065515822433348,0.5652217007686235,7.0,0.30620224204835667,1.2087398775875122,1.988845495851559,0.6269319795798076,0.7075631664693869,0.7153955439799013,0.315050347936592,1.1338303086002863,1.8631424964585168,0.27352280385108835,0.5092340828514086,0.31401483097284916,0.2648444325804163,0.7265514468939267,1.151359543953847,0.05066164629387935
135,2024-07-03 00:00:00+00:00,2024-07-12 00:00:00+00:00,0.63746019460592,1.0,6.374601946059199,1.17717532344609,1.914156877106736,0.4101995231535783,18.0,0.63727253282971,1.077793695502991,1.8207602208528342,0.5816794208476523,1.2317935846463115,2.0806428040992686,0.7011613444086017,1.1838058714086015,1.7974985635820544,0.6573134801775994,1.2968762982280142,2.289910828413403,0.6730564146203678,1.0956071674445325,1.5819719685861195,0.5731520040943281
136,2024-07-13 00:00:00+00:00,2024-07-22 00:00:00+00:00,0.41915023253258,0.99999999994,4.1915023253258,0.7654583671486401,0.9991942690596027,0.3402277364350647,6.0,0.15114074939162714,0.875707478084653,1.3371872592049652,0.10159389693147469,0.7952351467707266,1.1022104017918815,0.19529206526797843,0.7295272754023769,0.6895408461153201,0.1557663363339039,0.6787577736498631,0.8966659571934426,0.16099405971601502,0.7480641618355807,0.9703668809924053,0.14205738870876367
137,2024-07-23 00:00:00+00:00,2024-08-01 00:00:00+00:00,0.36990831764520005,0.9329180200400001,3.6990831764520005,0.5799108858832076,0.5067842443565572,0.42064632652435163,3.0,0.41884981966791185,0.5827645335749603,0.49608463478419845,0.4062117149836622,0.6694889996254096,0.7169141395746793,0.43942498464505475,0.5948945922002911,0.4710465754904525,0.4510613888307079,0.3608452575389673,0.18871599045891926,0.2164877334931235,0.6915610464764101,0.6611598814745367,0.5810632763870108
138,2024-08-02 00:00:00+00:00,2024-08-11 00:00:00+00:00,0.7911749757882001,1.0,7.911749757882,1.3514297430812277,2.533743177898511,0.39398153120485246,21.0,0.9048106348574472,1.3763685859286057,2.8716525471100707,0.927995857786296,1.438418087338246,3.121522977818022,1.029315488007955,1.3155522217968505,2.288066134243702,0.858464317621185,1.3768070405771842,2.347758071220355,0.8909180848946733,1.2500027797652522,2.039716159100405,0.8173594259771264
139,2024-08-12 00:00:00+00:00,2024-08-21 00:00:00+00:00,0.09737877280202,0.47424646656,0.9737877280202,0.5061555755693719,0.40717956180905246,0.3767076511005908,2.0,0.10482249503035103,0.565189202381343,0.40545407369237196,0.18113658607506125,0.4774211648270704,0.38311803240794073,0.10826525497481954,0.2940819567460516,0.11828224936299794,0.09616002880345938,0.5685226399526707,0.5822692422581794,0.06408078469421445,0.625562913939724,0.5467742113237721,0.07446982060420053
140,2024-08-22 00:00:00+00:00,2024-08-31 00:00:00+00:00,0.26463729794540003,0.9997522582399999,2.646372979454,0.5205140693989618,0.5256987697356866,0.35090069095760706,4.0,0.26870890524363406,0.44804364993556217,0.5334486223858097,0.23565424154086742,0.5056717091211307,0.5685081749578551,0.21829488720807283,0.53390499897516,0.5363067706639184,0.2583041928076263,0.43877401533610777,0.3307984308583575,0.29667059155586417,0.6761759736268484,0.6594318498124934,0.33462061310573976
141,2024-09-01 00:00:00+00:00,2024-09-10 00:00:00+00:00,0.5339871853702001,0.9836819279200001,5.339871853702,0.7995916526991033,0.766101368374633,0.2985200057175802,3.0,0.36915286443058437,0.7919435034992277,0.7872152891251791,0.379224570056888,0.8001425054128871,0.7602542556236375,0.39324307636661604,0.8605966742240343,0.8258601743030202,0.35770404116045396,0.7749360141144767,0.7103930188619388,0.42085366429266335,0.7703395662448913,0.7467841039593892,0.2947389702763004
142,2024-09-11 00:00:00+00:00,2024-09-20 00:00:00+00:00,0.4347868269434,0.9810565157000001,4.347868269434,0.765300814608532,0.8047418004959801,0.4264276301499935,5.0,0.23138827638687431,0.6869871004229461,0.662724338485465,0.1736502282685003,0.7581298881125587,0.74700025372792,0.21759785986356905,0.7276150583475858,0.7595565955863132,0.22689794533235758,0.7826036750590623,0.8136228255027993,0.1960937869990555,0.8711683511005075,1.0408049891774027,0.34270156147088915
143,2024-09-21 00:00:00+00:00,2024-09-30 00:00:00+00:00,0.35603202045439997,0.9999980415999999,3.560320204544,0.7200818142329892,0.8087530240199702,0.4123798342536255,6.0,0.37627822865740435,0.5573441381678407,0.6106467918280026,0.3105717860952163,0.5663100303631523,0.38847166110323006,0.26313372849320704,0.7551292945387392,0.8418632070259428,0.335180478463905,0.8921474873566624,1.2462189057561437,0.5037120975508858,0.8294781207385519,0.9565645543865304,0.4687930526838075
144,2024-10-01 00:00:00+00:00,2024-10-10 00:00:00+00:00,0.35819905115154,0.9999999998799999,3.5819905115154,0.7344367902238431,0.8301401384391202,0.3204855065923128,5.0,0.5237074738145108,0.6338591638990729,0.7442700625507602,0.5055115898464202,0.6918840183432671,0.8789574095580409,0.5097237908926524,0.8032435986738171,0.8788310273062493,0.5903741914820544,0.7325998193489147,0.717243266795908,0.4523493069543358,0.8105973508541439,0.9313989259846421,0.5605784898970916
145,2024-10-11 00:00:00+00:00,2024-10-20 00:00:00+00:00,0.29306338352628003,0.9999986049599999,2.9306338352628,0.6772173416004857,0.7702887499450373,0.39791082515261,4.0,0.15219678574738021,0.6981532950393406,0.9508732986229566,0.0904990567805383,0.6637289666244344,0.9135295846128321,0.1006864644114012,0.8646896580963734,1.0381457652141979,0.19725801003480498,0.5300619869594809,0.3837494306702603,0.14686563395286717,0.6294528012827988,0.5651456706049394,0.22567476355728963
146,2024-10-21 00:00:00+00:00,2024-10-30 00:00:00+00:00,0.5287803925998,0.99999992566,5.287803925998,0.8324099242969872,0.9475913340392498,0.40020437752995075,4.0,0.44362806699151336,0.8919119633308312,1.0552325004431315,0.38610681407883696,0.8821244858155828,0.9652440283986612,0.4941025356716661,0.7535478868935744,1.001977093697192,0.3696004866420629,0.8647017430515428,0.8855578903455947,0.48223344790204437,0.7697635423934049,0.8299451573116695,0.48609705066295616
147,2024-10-31 00:00:00+00:00,2024-11-09 00:00:00+00:00,0.6495061105504,1.0,6.495061105504,1.1027717443198968,1.9838877827834767,0.4140095655338314,12.0,0.4653897545870396,0.9215384840800386,1.7264954604673544,0.4890978429131577,1.1951098390985886,2.4286576075423834,0.4493771544931322,1.0398441108059384,1.6861507047612452,0.46016073353758075,1.1434680960499768,1.963166109866354,0.5016051082771773,1.213898191564941,2.1149690312800464,0.42670793371414983
148,2024-11-10 00:00:00+00:00,2024-11-19 00:00:00+00:00,0.5087436914697999,1.0,5.087436914697999,0.8770152224987495,1.2481619936000614,0.5996769148590475,7.0,0.40826575062972187,1.000261023022286,1.6740531835451495,0.3311809006215576,0.7871205092635709,0.8193214329220607,0.4938136086778745,0.8985182018401858,1.130215486202228,0.381488116062964,0.6221153147259382,1.1229643436205383,0.37375102466819193,1.0770610636417672,1.4942555217103313,0.4610951031180212
149,2024-11-20 00:00:00+00:00,2024-11-29 00:00:00+00:00,0.5522696352982799,0.9999873791,5.522696352982799,0.8070859689233443,1.053857243992808,0.6048317558184135,9.0,0.3953026943402606,0.7055453129277065,0.7554432463131024,0.4466901554862517,0.7777522704082669,1.0583132863469782,0.33063848578682764,0.7976251502017411,0.9567536533856881,0.511142250004294,0.9597233459790528,1.2258776444596544,0.4054453167423775,0.7947837650999535,1.272898389458616,0.28259726368155247
150,2024-11-30 00:00:00+00:00,2024-12-09 00:00:00+00:00,0.41102080676822006,1.0,4.1102080676822,0.7914144229712536,1.2007151330431025,0.6218485905653737,7.0,0.5411256756641329,0.6098644774429666,0.550903298993213,0.4767545703168284,0.7722267048279992,0.9069955925978611,0.5013399473207366,0.692290309366662,0.8891530792626101,0.5972147658422983,0.9519254065237117,2.053785559802546,0.499215161719664,0.9307652166949285,1.602738134559282,0.6311039331211379
151,2024-12-10 00:00:00+00:00,2024-12-19 00:00:00+00:00,0.35990404640942,1.0,3.5990404640942,0.7973800186426291,0.9878736685464575,0.3784753339070697,7.0,0.5370901713169033,0.8993715766135011,1.3020179658589748,0.5223367074764322,0.762903989402172,0.9977300656373188,0.5701824400433988,0.8599351962972301,1.0674761381385718,0.5642553951388185,0.6182530803203259,0.5892230690608016,0.41624751611563315,0.8464362505799162,0.982921104036621,0.6124287978102334
152,2024-12-20 00:00:00+00:00,2024-12-29 00:00:00+00:00,0.4344762051028,0.9942425096399999,4.344762051028,0.6744197183304621,0.6964278769044586,0.35809611477107534,6.0,0.34728557924094633,0.6479668519561519,0.7035442266945462,0.4115460544263499,0.582055481452757,0.5107409888586866,0.3128239721171687,0.8543276863867707,1.0744783729046714,0.35068604674354903,0.6569244744528555,0.6938654248142508,0.307030125214248,0.6308240974037752,0.4995103712501371,0.35434169770341606
153,2024-12-30 00:00:00+00:00,2025-01-08 00:00:00+00:00,0.32072244470968003,0.9999999997800001,3.2072244470968,0.6463913668192588,0.7653594396354251,0.3246261116172036,6.0,0.2648801361837261,0.7487456056839601,0.9590470608154206,0.32468119475766194,0.6578204848095552,0.8893397485932972,0.2915022092618683,0.7432736615327411,0.9020848299171883,0.2629734262276574,0.4031395254948073,0.3657060471805234,0.20402386555293894,0.6789775565752302,0.7106195116706955,0.24121998511850382
154,2025-01-09 00:00:00+00:00,2025-01-18 00:00:00+00:00,0.4686804809009,0.99999901762,4.686804809009,0.8033988628007019,1.0758564615512947,0.4564900234209519,6.0,0.2426809436397436,0.7028748503251172,0.9310051533907391,0.1158572568133642,1.0224680014637246,1.3667594440865494,0.4479983259228595,1.0810623817043068,2.042270976542685,0.2071216226332572,0.537261115875905,0.3623429943470865,0.2238916069652599,0.6733279646344563,0.6769037393894131,0.21853590586397723
155,2025-01-19 00:00:00+00:00,2025-01-28 00:00:00+00:00,0.37344348804780003,0.9999245725400001,3.734434880478,0.6812599027104621,0.6878616449663018,0.4658637181651123,3.0,0.5014960288971047,0.6676185798018361,0.7001733461087053,0.45771881833285155,0.5980029729567564,0.44078622382981286,0.39017969985461004,0.6282511371338408,0.5612850670345751,0.5448183382740721,0.8131835141899539,0.9459256788010606,0.5729051823128327,0.6992433094699229,0.7911379090573554,0.5418581057111571
156,2025-01-29 00:00:00+00:00,2025-02-07 00:00:00+00:00,0.4337947311356,1.0,4.337947311356,0.8873681995377474,1.235690688309376,0.49785818961196693,7.0,0.6037675187591874,0.7851128803373704,0.9021615280031933,0.5193746053473199,0.9569918170532492,1.212101759179217,0.6180874034269919,0.7726957787712633,0.7810056642522166,0.5576316219876347,1.0331887840882958,1.9606722617082735,0.7149812481471814,0.8888517374385589,1.3225122284039788,0.6087627148868092
157,2025-02-08 00:00:00+00:00,2025-02-17 00:00:00+00:00,0.34347086680534,0.9998904298800001,3.4347086680534,0.609473334585045,0.7007562040894626,0.5549561780674506,4.0,0.19389327856041538,0.43309494253386144,0.30209834643898764,0.23108024264468302,0.5844457978638168,0.5569423464681624,0.1176534110127331,0.4460234433110914,0.3301254727560435,0.3136899133584707,1.0031796413018879,1.8554095585228345,0.18242558910580353,0.5806228479145674,0.459205296261285,0.12461723668038657
158,2025-02-18 00:00:00+00:00,2025-02-27 00:00:00+00:00,0.5560874808564,1.0,5.560874808564001,0.923753026340624,1.4078698344869174,0.4957880052216367,8.0,0.5679060589170368,1.0343825079241804,1.7370684263401301,0.7432226103054788,0.9468732690431247,1.536723962513365,0.5887257040474014,1.0725646169139762,1.8547559117398968,0.6482237088566043,0.6504070126817789,0.6880280427053658,0.44007896311604133,0.9145377251400599,1.2227728291358289,0.41927930825965803
159,2025-02-28 00:00:00+00:00,2025-03-09 00:00:00+00:00,0.45065664401364,1.0,4.5065664401364,1.0751145077638307,2.2014684421068087,0.4985964820495729,15.0,0.5531273674982148,1.2820681405164358,2.873439007580941,0.5912469111769598,1.0741007644071083,2.2365252557480746,0.5574741562043863,1.0778875910999135,2.639165241021387,0.4594515507961148,0.8203186840194393,1.1138169834781735,0.5110662712208669,1.1211973587762565,2.144395722705468,0.6463979480927463
160,2025-03-10 00:00:00+00:00,2025-03-19 00:00:00+00:00,0.36564594085354,0.99314805342,3.6564594085354,0.7288047995203377,0.7366413157553039,0.3886803335928439,2.0,0.20597593951019458,0.7679136561150709,0.8127800570196395,0.21039812461608393,0.6041435956646874,0.5441336492250057,0.1808083579911584,0.6144884771734223,0.5243309247508259,0.17026293420162036,0.9063570867373573,1.050273528920906,0.24123954105079903,0.7511211819111506,0.7516884188601424,0.2271707396913111
161,2025-03-20 00:00:00+00:00,2025-03-29 00:00:00+00:00,0.14366529156492,0.8839017091999999,1.4366529156492,0.5040066652855957,0.3617064627236065,0.26697310106512984,0.0,0.2715810091871058,0.4022882363271387,0.27380313661361333,0.2352778362335369,0.4269912023806836,0.27629547359151246,0.2462141539102531,0.4790455899722268,0.2998750269992872,0.2630503870714017,0.5732566305355238,0.4117526497931297,0.3200250502393506,0.6384516672124059,0.5468060266204895,0.29333761848098694
162,2025-03-30 00:00:00+00:00,2025-04-08 00:00:00+00:00,0.32681483021552,1.0,3.2681483021552,0.6763217457129668,0.9819756291830444,0.2740237115853982,8.0,0.47338328273506386,0.7183012257843161,0.9476280257233094,0.47488530292889414,0.8081885947378726,1.4362502628096796,0.5825890725670851,0.682099125475115,1.0280223938112034,0.4511929150145743,0.4870392056457681,0.684799168400611,0.3901108696435203,0.6859805769217612,0.8131782951704185,0.46813825352124516
163,2025-04-09 00:00:00+00:00,2025-04-18 00:00:00+00:00,0.40570329854762,1.0,4.0570329854762,0.7790363809574266,1.0965284835259324,0.29909775049000376,8.0,0.222664413678606,0.822433665716084,1.2414402076155415,0.24536295882207465,0.8431170997407236,1.450681117750924,0.2670228266345091,0.8811978428501387,1.2199436548880689,0.21244721179788434,0.5891191546089584,0.5591813255853769,0.1519890749002836,0.7593141418712281,1.0113961117897503,0.23649999623827828
164,2025-04-19 00:00:00+00:00,2025-04-28 00:00:00+00:00,0.11222794470990001,0.9999997616599999,1.122279447099,0.45960345032929917,0.49225534035823526,0.26575957791654903,5.0,0.10955654656223375,0.44420071866470223,0.5985820193407058,0.05521560292964759,0.485325036680345,0.6000103552156951,0.068511372830801,0.4304537645046615,0.3628756177251609,0.15227611842987873,0.470036976475824,0.4226374847920832,0.14735854124410927,0.4680007553209628,0.47717122471753165,0.12442109737673221
165,2025-04-29 00:00:00+00:00,2025-05-08 00:00:00+00:00,0.13751827943422,1.0,1.3751827943422,0.5853924158015135,0.8821028783353471,0.3025013064777161,5.0,0.22783489975352825,0.5630947137861962,0.6385683073799966,0.21923442312612243,0.5186209226984824,1.3779569751383254,0.08378636064623621,0.5223248649017472,0.6403090053602298,0.22609876845041849,0.5758462886436583,0.8175222978919265,0.1971080284410496,0.7470752889774834,0.9361578059062575,0.41294691810381456
166,2025-05-09 00:00:00+00:00,2025-05-18 00:00:00+00:00,0.6196237109857999,0.9999845050599999,6.196237109857999,0.8573699070463845,1.0308216652266216,0.4895077418674827,6.0,0.4817560511413258,0.6164958660684455,0.4694429730147833,0.4181302574694552,0.8497236849863887,0.9009286474072029,0.4538997913551512,0.9091887691151669,1.0544265004395954,0.5358667809417221,0.9395593249824976,1.5120429283897956,0.4757432179826844,0.9718818900794233,1.2172672768817305,0.5251402079576161
167,2025-05-19 00:00:00+00:00,2025-05-28 00:00:00+00:00,0.28325038839924,1.0,2.8325038839924,0.6147686500451932,0.747244912233244,0.3856316934873033,5.0,0.3534589735724396,0.7056652328173073,0.9447257949793062,0.4708636321296444,0.37229905336988706,0.296584898169141,0.25232519736274306,0.5841260026386531,0.5288075262619367,0.3888718673614183,0.7373463156126554,1.0691136336750897,0.3192597781796807,0.6744066457874631,0.8969927080807463,0.3359743928287118
168,2025-05-29 00:00:00+00:00,2025-06-07 00:00:00+00:00,0.33912998786648,0.9999999708799998,3.3912998786648,0.7009315990255881,0.8282267421189872,0.24836268802165762,7.0,0.519104857942113,0.7666287789909431,0.8566366073908831,0.5118720515970436,0.5483581862610004,0.536308883519354,0.44338036480049736,0.7119416462400812,0.8812497305068808,0.5688453326259717,0.6860660015443171,0.9444352508780078,0.54312971133097,0.7916633820915993,0.9225032382998094,0.5282968293560828
169,2025-06-08 00:00:00+00:00,2025-06-17 00:00:00+00:00,0.36391674771256005,0.99999823446,3.6391674771256004,0.7412904269540528,0.8786414545255888,0.3639569916334956,7.0,0.3933757419408856,0.7376129427908396,1.0768219043590515,0.42054744400234406,0.8143364643189723,1.067588299424851,0.4372475525215355,0.9982585781217649,1.3015118725298838,0.462549830787088,0.48977108260287683,0.37683422447125575,0.25857318628616477,0.6664730669358099,0.5704509718429027,0.3879606961072959
170,2025-06-18 00:00:00+00:00,2025-06-27 00:00:00+00:00,0.37780885194342,1.0,3.7780885194342,0.704731117963109,1.0150487033816307,0.2806160306985438,5.0,0.317405726223811,0.609794301802383,0.845018654331548,0.20746916849506566,0.7445705214219679,1.1088837546997485,0.4053815338575504,0.8427133213722374,1.2897016122316853,0.39543623620230417,0.6706699892737731,0.96674824582541,0.3024544249174246,0.6559074559451837,0.8648912498197616,0.2762872676467102
171,2025-06-28 00:00:00+00:00,2025-07-07 00:00:00+00:00,0.30413201851178,0.9999752272999999,3.0413201851178,0.6821157186003252,0.7097558937478451,0.24336733951316636,4.0,0.27717448709278186,0.6162406131806832,0.5758486595505883,0.3079945707529464,0.628428818741078,0.6803674366000413,0.2363122881046488,0.715214944892578,0.783473651713077,0.2807061244871274,0.61297693792848,0.5136916836001735,0.22446887007445268,0.8377172782588073,0.9953980372753447,0.33639058204473427
172,2025-07-08 00:00:00+00:00,2025-07-17 00:00:00+00:00,0.4079395074501,0.99999987084,4.079395074501,0.746537867250399,0.9920546179422145,0.43372594533834974,9.0,0.07906740025864173,0.7599694948196799,1.1176170553175364,0.16498925659078095,0.8800862893051878,1.2750192473413955,0.027869346541513774,0.5755964099613073,0.5999867707983537,0.07228413116682822,0.7837277549071229,0.9772041650248117,0.12671780882647646,0.7333093872586961,0.9904458512289749,0.0034764581676092754
173,2025-07-18 00:00:00+00:00,2025-07-27 00:00:00+00:00,0.49385981584180005,0.99999999998,4.938598158418,0.7955748384563435,1.1448219886826019,0.6844459233937845,7.0,0.3893783141295707,0.625828995912255,0.5028390572060455,0.44885219605697585,0.5863924487363272,0.5387786152642765,0.3658427756991578,0.9215386604567583,1.533635688360017,0.4866802471584368,1.1778996816990261,2.261230437719618,0.27492322858138135,0.6662144054773516,0.8876261448630514,0.3705931231519017
174,2025-07-28 00:00:00+00:00,2025-08-06 00:00:00+00:00,0.8099046236108001,1.0,8.099046236108,1.063669520357584,1.4043780964119774,0.3316209047515377,12.0,0.8319328423362105,0.8029738914672411,0.8848483333407998,0.623296956977206,1.119759177674813,1.6619034896647071,0.8676957417323953,0.9473140265827075,1.03885844137192,0.7121272236382398,1.2843713691127314,1.8584978734943807,1.0524986520780422,1.1639291369504279,1.5777823441880798,0.9040456372551683
175,2025-08-07 00:00:00+00:00,2025-08-16 00:00:00+00:00,0.6392998523269801,0.99999999936,6.3929985232698,0.8961051999123495,1.2446229738445664,0.5027558478367322,9.0,0.36214142240670705,1.1335647669237057,2.0943475489372476,0.47772840384739645,1.011084995272435,1.367329764970682,0.40260871228510703,0.9338242202144004,1.2322373867678613,0.3574232517782845,0.5538594987341443,0.45802548894868556,0.20744130479256057,0.848192518417062,1.071174679598355,0.3655054393301869
176,2025-08-17 00:00:00+00:00,2025-08-26 00:00:00+00:00,0.6815248480692,1.0,6.815248480692,1.1512726130695103,1.8136552885979773,0.31928531763271945,16.0,0.6048351696119958,1.0952199346098905,1.6062970128366838,0.6710271286193459,1.1855360241015311,2.0897959414068574,0.6369028492628036,1.076497074727417,1.7540786759091145,0.5059382097661771,1.2722981541762752,2.015112158897213,0.6486120582632198,1.1268118777324376,1.6029926539400183,0.561695602148433
177,2025-08-27 00:00:00+00:00,2025-09-05 00:00:00+00:00,0.17345914619426,0.99412772274,1.7345914619426,0.5007700834492919,0.40697630027296866,0.32034977733591663,1.0,0.3018613695003054,0.5574857596700044,0.577212773456816,0.26208115337199667,0.3742987299429125,0.24085528407426043,0.3240805781484373,0.6357300574976741,0.5692914658142029,0.3449610817937402,0.4019110567843732,0.23253016888621153,0.30021307743488923,0.5344248133514953,0.4149918091333521,0.2779709567524635
178,2025-09-06 00:00:00+00:00,2025-09-15 00:00:00+00:00,0.13827475146770002,0.94402417884,1.3827475146770003,0.4678254424055324,0.39283672368160816,0.36470214031926734,1.0,0.12578403777837424,0.4220525976694519,0.31269041513629814,0.059268211384775615,0.37518368399361346,0.2917664511084211,0.13761268925931305,0.5290146850966264,0.3599624625011596,0.18158448149409945,0.43821038497368986,0.2528049622873664,0.12035738365343762,0.5746658602942806,0.7469593273747953,0.13009742310024547
179,2025-09-16 00:00:00+00:00,2025-09-25 00:00:00+00:00,0.4636568470604,1.0,4.636568470604,0.9099876277012291,1.6311230946599753,0.5994441505890319,11.0,0.6659784157553679,0.815627962624149,1.3013063343776345,0.6193532607631465,0.6484156358991952,1.1818993115182104,0.6010787368135235,0.8459379618686678,1.3806247129619085,0.7791541457802911,1.2473024559529189,2.6674092518474137,0.6716506133637441,0.9926541221612141,1.6243758625947098,0.6586553220561344
180,2025-09-26 00:00:00+00:00,2025-10-05 00:00:00+00:00,0.63716657242714,0.9999712992600001,6.3716657242714,0.7658750003068003,1.0241735085885955,0.5093836997388738,8.0,0.15435275423954248,0.8788879151221682,1.353816495311204,0.04652925218112301,0.7942792100136196,1.0193494937814243,0.08624442111023771,0.7746743855358382,0.9459322477183427,0.18298787734271968,1.0146185702335,1.5646043246037291,0.2429254773636184,0.3669149206288755,0.23716498152827659,0.21307674320001363
181,2025-10-06 00:00:00+00:00,2025-10-15 00:00:00+00:00,0.6322348603530001,1.0,6.322348603530001,1.2564910759498038,2.5459130108094907,0.5582971732359061,16.0,0.8206850008871821,1.2275434021756015,2.4470291509254842,0.9197266133491704,1.3263231112551384,2.66778961516375,0.8219659362784405,1.2826102891773785,2.345496160967764,0.8058336114831727,1.3557821520488977,2.6436934916006125,0.7830173181272047,1.0901964250920033,2.6255566353898403,0.7728815251979217
182,2025-10-16 00:00:00+00:00,2025-10-25 00:00:00+00:00,0.061173066357219995,0.19538389094000003,0.6117306635722,0.4528368718681805,0.29066717855990454,0.2573493935224288,0.0,0.20194596246391924,0.6070568207844288,0.43946457678877016,0.2525866672605419,0.3828169545688049,0.17948082601625395,0.15745653315796898,0.43845483728221596,0.3150407353938325,0.1580641372421398,0.47225074810331763,0.3643219980705827,0.30567823245987047,0.3636049986021352,0.15502775653008335,0.13594424219907522
183,2025-10-26 00:00:00+00:00,2025-11-04 00:00:00+00:00,0.26689251998576,0.99999995642,2.6689251998576,0.6641887982229602,0.7381526676795478,0.27032300410961124,5.0,0.4755991169051139,0.8067252513409781,0.898405159538642,0.5647777608017771,0.8062280796174599,0.9991292296131864,0.5771081943998453,0.6245857247560385,0.7834674609674335,0.4758925839930119,0.4792679557124403,0.4887069019936249,0.42494963650949946,0.6041369796878842,0.5210545862848527,0.3352674088214358
184,2025-11-05 00:00:00+00:00,2025-11-14 00:00:00+00:00,0.5198899352370001,0.9991391589999999,5.198899352370001,0.7337620701803492,0.8056973828751731,0.31663325195980013,3.0,0.38298178087304147,0.9917724036395821,1.2641750586587222,0.5698777924201943,0.7833597509300075,0.8721117183244674,0.3995380707487744,0.8108939180572913,0.8753415881893929,0.44959403984821333,0.3863441262900616,0.270870954307835,0.15686152510550852,0.6964401519848035,0.7459875948954483,0.3390374762425169
185,2025-11-15 00:00:00+00:00,2025-11-24 00:00:00+00:00,0.44204462545858,0.99979791954,4.4204462545858,0.7513938008593063,0.7940904782830067,0.3052570915142111,5.0,0.32851838538016226,0.8285756682728443,0.9903235882925949,0.4250279868080211,0.7930680751090605,0.8414162734620707,0.3421666548749619,0.7335111523232526,0.8743349622308081,0.23980942116570098,0.8488746549942195,0.853143792592429,0.39092518425175193,0.5529394535971541,0.4112337748371303,0.24466267980037548
186,2025-11-25 00:00:00+00:00,2025-12-04 00:00:00+00:00,0.44549172866855996,0.9999999994400001,4.4549172866856,0.8450943337288108,1.1860754861930793,0.28934485440069196,12.0,0.25947975484297386,0.840581854024439,1.334417602784258,0.21114216224672075,0.7846409991374546,1.039484233559897,0.21179350239061576,0.7039205076288754,0.8845355233245158,0.2422861360876094,0.9252966613787809,1.3678929572847938,0.2867091694615759,0.9710316464745032,1.3040471140119327,0.3454678040283474
187,2025-12-05 00:00:00+00:00,2025-12-14 00:00:00+00:00,0.2854970137157,0.9798060462599999,2.854970137157,0.5756853473433355,0.5246375688339756,0.3079585070652709,3.0,0.30252855259588557,0.5539325048141418,0.4462432772557703,0.28691533855661067,0.6859267552462419,0.7169155355113427,0.3374451377250349,0.4534771171861389,0.32042112401393713,0.25540652155629984,0.3517191209325662,0.18807426918262862,0.17396019506766475,0.833371238537589,0.9515336382061997,0.45891557007381756
188,2025-12-15 00:00:00+00:00,2025-12-24 00:00:00+00:00,0.26044305030128,0.99893480918,2.6044305030128,0.5187522124197602,0.5092522504864975,0.19878044979879902,3.0,0.29349576249366466,0.4872406858646494,0.40045606614740514,0.24178244267341792,0.4650956290681355,0.49385493182515267,0.29127153113594,0.5220020539704511,0.5623502704979161,0.3082921828477295,0.5799936982862792,0.5458448907290532,0.33713361436277905,0.5394289949092858,0.5437550932329601,0.2889990414484567
189,2025-12-25 00:00:00+00:00,2026-01-03 00:00:00+00:00,0.20846563644504004,0.9957219367800001,2.0846563644504004,0.5353242941483206,0.5148678832502441,0.30965361843592154,3.0,0.10091205197962738,0.5092929676700474,0.35560806552948526,0.11701676802122214,0.3798900633786076,0.3518788501333311,0.06767916135642227,0.654665238823745,0.653891140778135,0.10114301077073647,0.4986766731551838,0.3977754269982984,0.12661468722909347,0.634096527714019,0.8151859328119704,0.09210663252066253
190,2026-01-04 00:00:00+00:00,2026-01-13 00:00:00+00:00,0.32075122392893995,1.0,3.2075122392893998,0.7968660557410374,1.1791914832099835,0.3909419925662073,8.0,0.25204994503086536,0.849748286185059,1.5493765236627817,0.2561128768056828,0.8591407102664338,1.4182932199900105,0.3025368331801872,0.8490996156683626,1.0162757584981388,0.2529071413561196,0.8365146415350846,1.0989765373950098,0.21105487097345105,0.5898270250502466,0.8130353765039757,0.23763800283888634
191,2026-01-14 00:00:00+00:00,2026-01-23 00:00:00+00:00,0.4272340110024401,1.0,4.272340110024401,0.8825062789761873,1.4131679848643643,0.40776721031417473,10.0,0.7543092695148903,0.8972712421883692,1.4614043169767845,0.7367313019707552,0.7865501357180544,1.4523448865204691,0.7034586818662738,1.0933458056984642,1.7642947126859654,0.9079603433618642,0.7648167873877803,1.2663463624057911,0.6513780276696646,0.8705474238882681,1.121449645732811,0.7720179927058932
192,2026-01-24 00:00:00+00:00,2026-02-02 00:00:00+00:00,0.7024290933458001,1.0,7.024290933458,1.1958432189092028,2.2005434514475093,0.327254057043673,16.0,0.8698819924794357,1.145628528082689,2.2144425290274024,0.8562139342279684,1.3540534780545292,2.38912020070277,0.9800342622946596,1.2725830928168924,2.4463202930905927,0.9077814588599455,1.3065555803308901,2.6727899985699737,0.9750990175440514,0.9003954152610131,1.2800442358468074,0.6302812894705544
193,2026-02-03 00:00:00+00:00,2026-02-12 00:00:00+00:00,0.4078977977678201,1.0,4.078977977678201,1.0005464773403825,2.232191745544291,0.30275233068309093,11.0,0.6335110966383803,1.1002533999094943,2.85264817612923,0.7319798214735539,0.9990366395913991,1.9339786928881169,0.5803381064531377,1.0310260123297321,2.0387982776819484,0.6942284777736807,1.0459421176324786,2.458249429020634,0.7404963456911109,0.8264742172388075,1.877284152001525,0.4205127318004185
194,2026-02-13 00:00:00+00:00,2026-02-22 00:00:00+00:00,0.14664777533104,0.91655734998,1.4664777533104,0.48353103193894037,0.3874603000960877,0.20967793124897277,1.0,0.0810479661512021,0.38256840296044986,0.2535580110103112,0.0417816389335941,0.4778082704699596,0.36158957466051905,0.08404507595186725,0.5727989346260942,0.5787487590968785,0.08327561260717456,0.4855584780074815,0.34724882974153204,0.07201296823107604,0.4989210736307169,0.3961563259711975,0.12412453503229862
195,2026-02-23 00:00:00+00:00,2026-03-04 00:00:00+00:00,0.25665308503174,0.9999999992999999,2.5665308503174,0.6567756384246899,0.8296306424065533,0.21777349608219376,5.0,0.15387093708542543,0.6368808432518462,0.7336575698540052,0.14649394476160063,0.7109226360664624,0.9022483584412184,0.17788225818650288,0.7004309883028297,0.8091629165109888,0.1665172593437823,0.5844522925577549,0.7049762220708438,0.08233144948041386,0.6511914319445561,0.9981081451557102,0.19612977365482748
196,2026-03-05 00:00:00+00:00,2026-03-14 00:00:00+00:00,0.16706643162068002,0.9460066715400001,1.6706643162068002,0.44540044844993965,0.33354328007697065,0.1320314440030157,1.0,0.20720104201199002,0.5222628427071145,0.43823545064162744,0.25116590793501975,0.4049677519398632,0.23757992506439765,0.1906399797152582,0.4295082459862133,0.2774022149345824,0.23308803973599637,0.4745066873342137,0.396662772961934,0.20076481942197716,0.39575671428229353,0.317836036782312,0.16034646325169882
197,2026-03-15 00:00:00+00:00,2026-03-24 00:00:00+00:00,0.5256212038014001,0.99989940418,5.2562120380140005,0.7765207147656998,0.8265218211597177,0.19084761267908265,3.0,0.4232723747448815,0.8041403691448673,0.8163048751946136,0.446940245410138,0.8511019157987055,1.0672879106759177,0.427711454692093,0.8050717058180948,0.8662099740713861,0.391341881369936,0.6158035217984564,0.505118108920891,0.4055371260862325,0.8064860612683751,0.8776882369357807,0.44483116616600793
198,2026-03-25 00:00:00+00:00,2026-04-03 00:00:00+00:00,0.32006698036316,0.9999947661999999,3.2006698036316,0.6854138397248026,0.7406432937994687,0.26532269750386245,3.0,0.47128896323668285,0.5488326097867117,0.5288484109294704,0.37492249215856777,0.6119357521816218,0.6455459940323954,0.3886143552412945,0.6861597707060023,0.6882427905029667,0.5172616788840159,0.8192366383256745,1.0145694637778626,0.5990280320122785,0.7609044276240022,0.8260098097546484,0.47661825788725753
