round,window_start_block,window_end_block,window_start_date,window_end_date,method,rmse,top_decile_mass,mean_prob_highest_10pct
0,0,49,2020-10-22 00:00:00+00:00,2022-03-05 00:00:00+00:00,uniform,122.19607607170416,0.1,0.1
0,0,49,2020-10-22 00:00:00+00:00,2022-03-05 00:00:00+00:00,static_tass,115.1276604254944,0.22745365564171852,0.22745365564171852
0,0,49,2020-10-22 00:00:00+00:00,2022-03-05 00:00:00+00:00,online,113.33517547162315,0.20788605845555033,0.20788605845555033
0,0,49,2020-10-22 00:00:00+00:00,2022-03-05 00:00:00+00:00,oracle,111.51570466486493,0.2608103376345805,0.2608103376345805
1,1,50,2020-11-01 00:00:00+00:00,2022-03-15 00:00:00+00:00,uniform,119.85076317621635,0.1,0.1
1,1,50,2020-11-01 00:00:00+00:00,2022-03-15 00:00:00+00:00,static_tass,115.01429486002478,0.2290046580983116,0.2290046580983116
1,1,50,2020-11-01 00:00:00+00:00,2022-03-15 00:00:00+00:00,online,111.70985103001458,0.2166540412434752,0.2166540412434752
1,1,50,2020-11-01 00:00:00+00:00,2022-03-15 00:00:00+00:00,oracle,111.47375436233533,0.26415047866479024,0.26415047866479024
2,2,51,2020-11-11 00:00:00+00:00,2022-03-25 00:00:00+00:00,uniform,120.0902895491127,0.1,0.1
2,2,51,2020-11-11 00:00:00+00:00,2022-03-25 00:00:00+00:00,static_tass,111.24457767986112,0.23359524995593173,0.23359524995593173
2,2,51,2020-11-11 00:00:00+00:00,2022-03-25 00:00:00+00:00,online,105.7375769172496,0.2211491396192228,0.2211491396192228
2,2,51,2020-11-11 00:00:00+00:00,2022-03-25 00:00:00+00:00,oracle,105.08776788112253,0.27090201780220274,0.27090201780220274
3,3,52,2020-11-21 00:00:00+00:00,2022-04-04 00:00:00+00:00,uniform,120.24403981825753,0.1,0.1
3,3,52,2020-11-21 00:00:00+00:00,2022-04-04 00:00:00+00:00,static_tass,106.45503019001713,0.23501095381629786,0.23501095381629786
3,3,52,2020-11-21 00:00:00+00:00,2022-04-04 00:00:00+00:00,online,109.9611829065503,0.22079502244369364,0.22079502244369364
3,3,52,2020-11-21 00:00:00+00:00,2022-04-04 00:00:00+00:00,oracle,101.06896177584557,0.2725529243873953,0.2725529243873953
4,4,53,2020-12-01 00:00:00+00:00,2022-04-14 00:00:00+00:00,uniform,129.87968552918142,0.1,0.1
4,4,53,2020-12-01 00:00:00+00:00,2022-04-14 00:00:00+00:00,static_tass,111.43662176133496,0.23928247364332655,0.23928247364332655
4,4,53,2020-12-01 00:00:00+00:00,2022-04-14 00:00:00+00:00,online,111.89327003142569,0.22531576465237524,0.22531576465237524
4,4,53,2020-12-01 00:00:00+00:00,2022-04-14 00:00:00+00:00,oracle,106.59889071909846,0.27206853686915966,0.27206853686915966
5,5,54,2020-12-11 00:00:00+00:00,2022-04-24 00:00:00+00:00,uniform,110.17579553019556,0.1,0.1
5,5,54,2020-12-11 00:00:00+00:00,2022-04-24 00:00:00+00:00,static_tass,108.50251888932965,0.24074944765137146,0.24074944765137146
5,5,54,2020-12-11 00:00:00+00:00,2022-04-24 00:00:00+00:00,online,105.05581762144584,0.22715502958264633,0.22715502958264633
5,5,54,2020-12-11 00:00:00+00:00,2022-04-24 00:00:00+00:00,oracle,97.75197635689281,0.2746962081618336,0.2746962081618336
6,6,55,2020-12-21 00:00:00+00:00,2022-05-04 00:00:00+00:00,uniform,123.22662775042448,0.1,0.1
6,6,55,2020-12-21 00:00:00+00:00,2022-05-04 00:00:00+00:00,static_tass,105.762352221402,0.2378231600720988,0.2378231600720988
6,6,55,2020-12-21 00:00:00+00:00,2022-05-04 00:00:00+00:00,online,108.4185121942085,0.22436180566632025,0.22436180566632025
6,6,55,2020-12-21 00:00:00+00:00,2022-05-04 00:00:00+00:00,oracle,101.09314858549894,0.27633911667880107,0.27633911667880107
7,7,56,2020-12-31 00:00:00+00:00,2022-05-14 00:00:00+00:00,uniform,133.34888495666647,0.1,0.1
7,7,56,2020-12-31 00:00:00+00:00,2022-05-14 00:00:00+00:00,static_tass,107.39139514889285,0.2476058724014821,0.2476058724014821
7,7,56,2020-12-31 00:00:00+00:00,2022-05-14 00:00:00+00:00,online,111.03011884815058,0.22371433526371157,0.22371433526371157
7,7,56,2020-12-31 00:00:00+00:00,2022-05-14 00:00:00+00:00,oracle,111.35595210565654,0.30238277116624623,0.30238277116624623
8,8,57,2021-01-10 00:00:00+00:00,2022-05-24 00:00:00+00:00,uniform,116.67215015334354,0.1,0.1
8,8,57,2021-01-10 00:00:00+00:00,2022-05-24 00:00:00+00:00,static_tass,107.16254946406691,0.22294977406657876,0.22294977406657876
8,8,57,2021-01-10 00:00:00+00:00,2022-05-24 00:00:00+00:00,online,101.47411099828953,0.2099001721640923,0.2099001721640923
8,8,57,2021-01-10 00:00:00+00:00,2022-05-24 00:00:00+00:00,oracle,100.20739263422121,0.2841491917340819,0.2841491917340819
9,9,58,2021-01-20 00:00:00+00:00,2022-06-03 00:00:00+00:00,uniform,119.63967940763257,0.1,0.1
9,9,58,2021-01-20 00:00:00+00:00,2022-06-03 00:00:00+00:00,static_tass,110.79363075881218,0.22842107825708158,0.22842107825708158
9,9,58,2021-01-20 00:00:00+00:00,2022-06-03 00:00:00+00:00,online,107.19018473762664,0.2136105789030311,0.2136105789030311
9,9,58,2021-01-20 00:00:00+00:00,2022-06-03 00:00:00+00:00,oracle,100.50893617194772,0.2891878041918243,0.2891878041918243
10,10,59,2021-01-30 00:00:00+00:00,2022-06-13 00:00:00+00:00,uniform,124.32746254302137,0.1,0.1
10,10,59,2021-01-30 00:00:00+00:00,2022-06-13 00:00:00+00:00,static_tass,103.18967581854697,0.22813381170498448,0.22813381170498448
10,10,59,2021-01-30 00:00:00+00:00,2022-06-13 00:00:00+00:00,online,101.68135222509952,0.21686637800648817,0.21686637800648817
10,10,59,2021-01-30 00:00:00+00:00,2022-06-13 00:00:00+00:00,oracle,105.48822727242434,0.2848617320251491,0.2848617320251491
11,11,60,2021-02-09 00:00:00+00:00,2022-06-23 00:00:00+00:00,uniform,113.67345210569451,0.1,0.1
11,11,60,2021-02-09 00:00:00+00:00,2022-06-23 00:00:00+00:00,static_tass,107.37825158916908,0.2205786710643547,0.2205786710643547
11,11,60,2021-02-09 00:00:00+00:00,2022-06-23 00:00:00+00:00,online,112.16766336810052,0.21395992379122078,0.21395992379122078
11,11,60,2021-02-09 00:00:00+00:00,2022-06-23 00:00:00+00:00,oracle,102.64555647299744,0.2882899805496874,0.2882899805496874
12,12,61,2021-02-19 00:00:00+00:00,2022-07-03 00:00:00+00:00,uniform,108.37171633471505,0.1,0.1
12,12,61,2021-02-19 00:00:00+00:00,2022-07-03 00:00:00+00:00,static_tass,106.93881782587016,0.2281955863226024,0.2281955863226024
12,12,61,2021-02-19 00:00:00+00:00,2022-07-03 00:00:00+00:00,online,104.3564971379932,0.2141498048661018,0.2141498048661018
12,12,61,2021-02-19 00:00:00+00:00,2022-07-03 00:00:00+00:00,oracle,95.70530599857517,0.29736689454029985,0.29736689454029985
13,13,62,2021-03-01 00:00:00+00:00,2022-07-13 00:00:00+00:00,uniform,117.0581369549645,0.1,0.1
13,13,62,2021-03-01 00:00:00+00:00,2022-07-13 00:00:00+00:00,static_tass,99.26498176270526,0.21741323728343057,0.21741323728343057
13,13,62,2021-03-01 00:00:00+00:00,2022-07-13 00:00:00+00:00,online,92.77420122182244,0.20381735215913852,0.20381735215913852
13,13,62,2021-03-01 00:00:00+00:00,2022-07-13 00:00:00+00:00,oracle,94.6420023195544,0.2974299068295212,0.2974299068295212
14,14,63,2021-03-11 00:00:00+00:00,2022-07-23 00:00:00+00:00,uniform,114.67119315852545,0.1,0.1
14,14,63,2021-03-11 00:00:00+00:00,2022-07-23 00:00:00+00:00,static_tass,101.34829979858448,0.21703271389700124,0.21703271389700124
14,14,63,2021-03-11 00:00:00+00:00,2022-07-23 00:00:00+00:00,online,97.24208575220788,0.20277668761226442,0.20277668761226442
14,14,63,2021-03-11 00:00:00+00:00,2022-07-23 00:00:00+00:00,oracle,94.38846443940695,0.29779516323283534,0.29779516323283534
15,15,64,2021-03-21 00:00:00+00:00,2022-08-02 00:00:00+00:00,uniform,115.9895984529803,0.1,0.1
15,15,64,2021-03-21 00:00:00+00:00,2022-08-02 00:00:00+00:00,static_tass,100.19603705141424,0.21605484631695912,0.21605484631695912
15,15,64,2021-03-21 00:00:00+00:00,2022-08-02 00:00:00+00:00,online,101.75749553297321,0.20714422367569352,0.20714422367569352
15,15,64,2021-03-21 00:00:00+00:00,2022-08-02 00:00:00+00:00,oracle,93.09895081238807,0.2975384898502278,0.2975384898502278
16,16,65,2021-03-31 00:00:00+00:00,2022-08-12 00:00:00+00:00,uniform,118.39466639759695,0.1,0.1
16,16,65,2021-03-31 00:00:00+00:00,2022-08-12 00:00:00+00:00,static_tass,99.37836444670718,0.21647951125234,0.21647951125234
16,16,65,2021-03-31 00:00:00+00:00,2022-08-12 00:00:00+00:00,online,101.49726387363326,0.20970373289080985,0.20970373289080985
16,16,65,2021-03-31 00:00:00+00:00,2022-08-12 00:00:00+00:00,oracle,92.68967454689403,0.29921983905205374,0.29921983905205374
17,17,66,2021-04-10 00:00:00+00:00,2022-08-22 00:00:00+00:00,uniform,111.31880942228065,0.1,0.1
17,17,66,2021-04-10 00:00:00+00:00,2022-08-22 00:00:00+00:00,static_tass,100.38411880202213,0.21840058370665524,0.21840058370665524
17,17,66,2021-04-10 00:00:00+00:00,2022-08-22 00:00:00+00:00,online,103.07943523593997,0.2098639139577561,0.2098639139577561
17,17,66,2021-04-10 00:00:00+00:00,2022-08-22 00:00:00+00:00,oracle,92.38351365184731,0.29921127866955466,0.29921127866955466
18,18,67,2021-04-20 00:00:00+00:00,2022-09-01 00:00:00+00:00,uniform,120.3077053080107,0.1,0.1
18,18,67,2021-04-20 00:00:00+00:00,2022-09-01 00:00:00+00:00,static_tass,95.79788461429195,0.22331300288338665,0.22331300288338665
18,18,67,2021-04-20 00:00:00+00:00,2022-09-01 00:00:00+00:00,online,101.56393709187127,0.21454777054270624,0.21454777054270624
18,18,67,2021-04-20 00:00:00+00:00,2022-09-01 00:00:00+00:00,oracle,94.46792319213424,0.30235850110297047,0.30235850110297047
19,19,68,2021-04-30 00:00:00+00:00,2022-09-11 00:00:00+00:00,uniform,113.70338484760609,0.1,0.1
19,19,68,2021-04-30 00:00:00+00:00,2022-09-11 00:00:00+00:00,static_tass,100.6732958069631,0.22631721954390516,0.22631721954390516
19,19,68,2021-04-30 00:00:00+00:00,2022-09-11 00:00:00+00:00,online,99.63098935198718,0.21652416907503186,0.21652416907503186
19,19,68,2021-04-30 00:00:00+00:00,2022-09-11 00:00:00+00:00,oracle,94.33772459850427,0.2992530301554798,0.2992530301554798
20,20,69,2021-05-10 00:00:00+00:00,2022-09-21 00:00:00+00:00,uniform,120.39351017737873,0.1,0.1
20,20,69,2021-05-10 00:00:00+00:00,2022-09-21 00:00:00+00:00,static_tass,93.63654619340409,0.22712312678590507,0.22712312678590507
20,20,69,2021-05-10 00:00:00+00:00,2022-09-21 00:00:00+00:00,online,106.98217534962625,0.21811157264101544,0.21811157264101544
20,20,69,2021-05-10 00:00:00+00:00,2022-09-21 00:00:00+00:00,oracle,97.155012426751,0.3013671267901833,0.3013671267901833
21,21,70,2021-05-20 00:00:00+00:00,2022-10-01 00:00:00+00:00,uniform,102.79014082247721,0.1,0.1
21,21,70,2021-05-20 00:00:00+00:00,2022-10-01 00:00:00+00:00,static_tass,94.99779865583528,0.2040965783015592,0.2040965783015592
21,21,70,2021-05-20 00:00:00+00:00,2022-10-01 00:00:00+00:00,online,95.50797773891055,0.1920830390405635,0.1920830390405635
21,21,70,2021-05-20 00:00:00+00:00,2022-10-01 00:00:00+00:00,oracle,85.72161441269765,0.2910485544604078,0.2910485544604078
22,22,71,2021-05-30 00:00:00+00:00,2022-10-11 00:00:00+00:00,uniform,107.06928517012551,0.1,0.1
22,22,71,2021-05-30 00:00:00+00:00,2022-10-11 00:00:00+00:00,static_tass,90.54863264791734,0.2064907792784844,0.2064907792784844
22,22,71,2021-05-30 00:00:00+00:00,2022-10-11 00:00:00+00:00,online,92.45222754837309,0.19619115704467477,0.19619115704467477
22,22,71,2021-05-30 00:00:00+00:00,2022-10-11 00:00:00+00:00,oracle,83.62598856555203,0.2937771421231214,0.2937771421231214
23,23,72,2021-06-09 00:00:00+00:00,2022-10-21 00:00:00+00:00,uniform,100.966477917827,0.1,0.1
23,23,72,2021-06-09 00:00:00+00:00,2022-10-21 00:00:00+00:00,static_tass,95.11448115555356,0.20604787120232532,0.20604787120232532
23,23,72,2021-06-09 00:00:00+00:00,2022-10-21 00:00:00+00:00,online,90.0063919861665,0.19792846720815138,0.19792846720815138
23,23,72,2021-06-09 00:00:00+00:00,2022-10-21 00:00:00+00:00,oracle,89.13538356316569,0.29079564744148895,0.29079564744148895
24,24,73,2021-06-19 00:00:00+00:00,2022-10-31 00:00:00+00:00,uniform,102.81003145192955,0.1,0.1
24,24,73,2021-06-19 00:00:00+00:00,2022-10-31 00:00:00+00:00,static_tass,96.62403870374858,0.23640512447198694,0.23640512447198694
24,24,73,2021-06-19 00:00:00+00:00,2022-10-31 00:00:00+00:00,online,95.32905440275849,0.21806832024126957,0.21806832024126957
24,24,73,2021-06-19 00:00:00+00:00,2022-10-31 00:00:00+00:00,oracle,91.80766432878058,0.2978111772810252,0.2978111772810252
25,25,74,2021-06-29 00:00:00+00:00,2022-11-10 00:00:00+00:00,uniform,147.7744725729445,0.1,0.1
25,25,74,2021-06-29 00:00:00+00:00,2022-11-10 00:00:00+00:00,static_tass,115.99311651277985,0.29697974536539307,0.29697974536539307
25,25,74,2021-06-29 00:00:00+00:00,2022-11-10 00:00:00+00:00,online,111.93342635928427,0.38648654677015687,0.38648654677015687
25,25,74,2021-06-29 00:00:00+00:00,2022-11-10 00:00:00+00:00,oracle,106.8605652181192,0.3987864537058211,0.3987864537058211
26,26,75,2021-07-09 00:00:00+00:00,2022-11-20 00:00:00+00:00,uniform,130.365785705401,0.1,0.1
26,26,75,2021-07-09 00:00:00+00:00,2022-11-20 00:00:00+00:00,static_tass,112.22827499520345,0.2984943253169242,0.2984943253169242
26,26,75,2021-07-09 00:00:00+00:00,2022-11-20 00:00:00+00:00,online,114.7176114945325,0.3076658800611375,0.3076658800611375
26,26,75,2021-07-09 00:00:00+00:00,2022-11-20 00:00:00+00:00,oracle,113.26058534631663,0.40186128008822225,0.40186128008822225
27,27,76,2021-07-19 00:00:00+00:00,2022-11-30 00:00:00+00:00,uniform,143.63206144777857,0.1,0.1
27,27,76,2021-07-19 00:00:00+00:00,2022-11-30 00:00:00+00:00,static_tass,113.77509805384204,0.2981781091014789,0.2981781091014789
27,27,76,2021-07-19 00:00:00+00:00,2022-11-30 00:00:00+00:00,online,104.70178150789077,0.29855653306219304,0.29855653306219304
27,27,76,2021-07-19 00:00:00+00:00,2022-11-30 00:00:00+00:00,oracle,108.06210243467756,0.39981404109573737,0.39981404109573737
28,28,77,2021-07-29 00:00:00+00:00,2022-12-10 00:00:00+00:00,uniform,137.79453600369612,0.1,0.1
28,28,77,2021-07-29 00:00:00+00:00,2022-12-10 00:00:00+00:00,static_tass,111.31613453978083,0.30016202347080867,0.30016202347080867
28,28,77,2021-07-29 00:00:00+00:00,2022-12-10 00:00:00+00:00,online,104.70234048874296,0.29478888173534457,0.29478888173534457
28,28,77,2021-07-29 00:00:00+00:00,2022-12-10 00:00:00+00:00,oracle,102.60693221740382,0.4030988325926548,0.4030988325926548
29,29,78,2021-08-08 00:00:00+00:00,2022-12-20 00:00:00+00:00,uniform,152.04722068011324,0.1,0.1
29,29,78,2021-08-08 00:00:00+00:00,2022-12-20 00:00:00+00:00,static_tass,111.00326788059637,0.2987466652537724,0.2987466652537724
29,29,78,2021-08-08 00:00:00+00:00,2022-12-20 00:00:00+00:00,online,104.783063243337,0.2968707064357213,0.2968707064357213
29,29,78,2021-08-08 00:00:00+00:00,2022-12-20 00:00:00+00:00,oracle,103.94335700346954,0.4083086620325116,0.4083086620325116
30,30,79,2021-08-18 00:00:00+00:00,2022-12-30 00:00:00+00:00,uniform,143.06944916870037,0.1,0.1
30,30,79,2021-08-18 00:00:00+00:00,2022-12-30 00:00:00+00:00,static_tass,103.8033155784092,0.3087831697691863,0.3087831697691863
30,30,79,2021-08-18 00:00:00+00:00,2022-12-30 00:00:00+00:00,online,110.09967283993132,0.3033037746556235,0.3033037746556235
30,30,79,2021-08-18 00:00:00+00:00,2022-12-30 00:00:00+00:00,oracle,100.0046576985742,0.4149927866460179,0.4149927866460179
31,31,80,2021-08-28 00:00:00+00:00,2023-01-09 00:00:00+00:00,uniform,128.90989846360003,0.1,0.1
31,31,80,2021-08-28 00:00:00+00:00,2023-01-09 00:00:00+00:00,static_tass,107.56243039340599,0.26898501556472143,0.26898501556472143
31,31,80,2021-08-28 00:00:00+00:00,2023-01-09 00:00:00+00:00,online,110.49054485676385,0.28072734061235277,0.28072734061235277
31,31,80,2021-08-28 00:00:00+00:00,2023-01-09 00:00:00+00:00,oracle,103.74590308460793,0.4085605731384533,0.4085605731384533
32,32,81,2021-09-07 00:00:00+00:00,2023-01-19 00:00:00+00:00,uniform,132.04782183828655,0.1,0.1
32,32,81,2021-09-07 00:00:00+00:00,2023-01-19 00:00:00+00:00,static_tass,118.32117879468451,0.2738007504268182,0.2738007504268182
32,32,81,2021-09-07 00:00:00+00:00,2023-01-19 00:00:00+00:00,online,118.39582944272139,0.2825162120541084,0.2825162120541084
32,32,81,2021-09-07 00:00:00+00:00,2023-01-19 00:00:00+00:00,oracle,103.10390507267425,0.4101380214195759,0.4101380214195759
33,33,82,2021-09-17 00:00:00+00:00,2023-01-29 00:00:00+00:00,uniform,137.91923743587287,0.1,0.1
33,33,82,2021-09-17 00:00:00+00:00,2023-01-29 00:00:00+00:00,static_tass,115.94400893718831,0.27473655955633586,0.27473655955633586
33,33,82,2021-09-17 00:00:00+00:00,2023-01-29 00:00:00+00:00,online,107.58753885399757,0.28233964025734803,0.28233964025734803
33,33,82,2021-09-17 00:00:00+00:00,2023-01-29 00:00:00+00:00,oracle,102.21943108683917,0.4116250694986282,0.4116250694986282
34,34,83,2021-09-27 00:00:00+00:00,2023-02-08 00:00:00+00:00,uniform,148.53618399433657,0.1,0.1
34,34,83,2021-09-27 00:00:00+00:00,2023-02-08 00:00:00+00:00,static_tass,117.08793613476108,0.2763324149189743,0.2763324149189743
34,34,83,2021-09-27 00:00:00+00:00,2023-02-08 00:00:00+00:00,online,108.95356180689787,0.2826003668415722,0.2826003668415722
34,34,83,2021-09-27 00:00:00+00:00,2023-02-08 00:00:00+00:00,oracle,108.25480375370715,0.4091743667889166,0.4091743667889166
35,35,84,2021-10-07 00:00:00+00:00,2023-02-18 00:00:00+00:00,uniform,156.28721903323202,0.1,0.1
35,35,84,2021-10-07 00:00:00+00:00,2023-02-18 00:00:00+00:00,static_tass,115.9144194704241,0.2742347514753035,0.2742347514753035
35,35,84,2021-10-07 00:00:00+00:00,2023-02-18 00:00:00+00:00,online,112.71864686108017,0.27833235808398055,0.27833235808398055
35,35,84,2021-10-07 00:00:00+00:00,2023-02-18 00:00:00+00:00,oracle,109.44706180825938,0.4046933979572701,0.4046933979572701
36,36,85,2021-10-17 00:00:00+00:00,2023-02-28 00:00:00+00:00,uniform,138.13625731360497,0.1,0.1
36,36,85,2021-10-17 00:00:00+00:00,2023-02-28 00:00:00+00:00,static_tass,111.50194903367446,0.27457814074646464,0.27457814074646464
36,36,85,2021-10-17 00:00:00+00:00,2023-02-28 00:00:00+00:00,online,114.58513550906449,0.2808064347133021,0.2808064347133021
36,36,85,2021-10-17 00:00:00+00:00,2023-02-28 00:00:00+00:00,oracle,114.32127608825634,0.40378364680868695,0.40378364680868695
37,37,86,2021-10-27 00:00:00+00:00,2023-03-10 00:00:00+00:00,uniform,149.98326368686264,0.1,0.1
37,37,86,2021-10-27 00:00:00+00:00,2023-03-10 00:00:00+00:00,static_tass,122.12916429475615,0.27600504500286993,0.27600504500286993
37,37,86,2021-10-27 00:00:00+00:00,2023-03-10 00:00:00+00:00,online,111.68214061115741,0.280185169999665,0.280185169999665
37,37,86,2021-10-27 00:00:00+00:00,2023-03-10 00:00:00+00:00,oracle,107.97199153520916,0.4051387048787074,0.4051387048787074
38,38,87,2021-11-06 00:00:00+00:00,2023-03-20 00:00:00+00:00,uniform,149.45440411861233,0.1,0.1
38,38,87,2021-11-06 00:00:00+00:00,2023-03-20 00:00:00+00:00,static_tass,111.4390562291407,0.27467355669568416,0.27467355669568416
38,38,87,2021-11-06 00:00:00+00:00,2023-03-20 00:00:00+00:00,online,115.11694851638462,0.28610230408597825,0.28610230408597825
38,38,87,2021-11-06 00:00:00+00:00,2023-03-20 00:00:00+00:00,oracle,109.30403888762126,0.3978840146079907,0.3978840146079907
39,39,88,2021-11-16 00:00:00+00:00,2023-03-30 00:00:00+00:00,uniform,138.61288609095226,0.1,0.1
39,39,88,2021-11-16 00:00:00+00:00,2023-03-30 00:00:00+00:00,static_tass,116.68267317185854,0.2760151322858792,0.2760151322858792
39,39,88,2021-11-16 00:00:00+00:00,2023-03-30 00:00:00+00:00,online,112.77868441018875,0.2871726965056347,0.2871726965056347
39,39,88,2021-11-16 00:00:00+00:00,2023-03-30 00:00:00+00:00,oracle,105.96606388802998,0.4033195641785679,0.4033195641785679
40,40,89,2021-11-26 00:00:00+00:00,2023-04-09 00:00:00+00:00,uniform,132.96774228448373,0.1,0.1
40,40,89,2021-11-26 00:00:00+00:00,2023-04-09 00:00:00+00:00,static_tass,112.74080280710051,0.2864311594898584,0.2864311594898584
40,40,89,2021-11-26 00:00:00+00:00,2023-04-09 00:00:00+00:00,online,112.95419683011455,0.2966502920289794,0.2966502920289794
40,40,89,2021-11-26 00:00:00+00:00,2023-04-09 00:00:00+00:00,oracle,107.00958349343539,0.4085545393740213,0.4085545393740213
41,41,90,2021-12-06 00:00:00+00:00,2023-04-19 00:00:00+00:00,uniform,145.71652243859938,0.1,0.1
41,41,90,2021-12-06 00:00:00+00:00,2023-04-19 00:00:00+00:00,static_tass,109.10734070997286,0.28518205058893714,0.28518205058893714
41,41,90,2021-12-06 00:00:00+00:00,2023-04-19 00:00:00+00:00,online,106.20244315670386,0.2931993651422976,0.2931993651422976
41,41,90,2021-12-06 00:00:00+00:00,2023-04-19 00:00:00+00:00,oracle,102.03837793480572,0.41022441963530953,0.41022441963530953
42,42,91,2021-12-16 00:00:00+00:00,2023-04-29 00:00:00+00:00,uniform,138.84745778075077,0.1,0.1
42,42,91,2021-12-16 00:00:00+00:00,2023-04-29 00:00:00+00:00,static_tass,113.64023133550967,0.2860496117327836,0.2860496117327836
42,42,91,2021-12-16 00:00:00+00:00,2023-04-29 00:00:00+00:00,online,103.51119100764146,0.2934471668923273,0.2934471668923273
42,42,91,2021-12-16 00:00:00+00:00,2023-04-29 00:00:00+00:00,oracle,95.92305559904206,0.4092171272228521,0.4092171272228521
43,43,92,2021-12-26 00:00:00+00:00,2023-05-09 00:00:00+00:00,uniform,137.8405133423412,0.1,0.1
43,43,92,2021-12-26 00:00:00+00:00,2023-05-09 00:00:00+00:00,static_tass,113.06961494761154,0.2839178280354375,0.2839178280354375
43,43,92,2021-12-26 00:00:00+00:00,2023-05-09 00:00:00+00:00,online,109.35957469431354,0.2901753919375177,0.2901753919375177
43,43,92,2021-12-26 00:00:00+00:00,2023-05-09 00:00:00+00:00,oracle,105.5105045504583,0.4031434737933448,0.4031434737933448
44,44,93,2022-01-05 00:00:00+00:00,2023-05-19 00:00:00+00:00,uniform,134.35469522119726,0.1,0.1
44,44,93,2022-01-05 00:00:00+00:00,2023-05-19 00:00:00+00:00,static_tass,114.32846423925724,0.28514986377663265,0.28514986377663265
44,44,93,2022-01-05 00:00:00+00:00,2023-05-19 00:00:00+00:00,online,110.76016971528536,0.28898938464397256,0.28898938464397256
44,44,93,2022-01-05 00:00:00+00:00,2023-05-19 00:00:00+00:00,oracle,111.11223524007106,0.4046716442659534,0.4046716442659534
45,45,94,2022-01-15 00:00:00+00:00,2023-05-29 00:00:00+00:00,uniform,138.17582100912557,0.1,0.1
45,45,94,2022-01-15 00:00:00+00:00,2023-05-29 00:00:00+00:00,static_tass,115.42321029579557,0.28911912429892567,0.28911912429892567
45,45,94,2022-01-15 00:00:00+00:00,2023-05-29 00:00:00+00:00,online,101.87988909147137,0.28832338328198015,0.28832338328198015
45,45,94,2022-01-15 00:00:00+00:00,2023-05-29 00:00:00+00:00,oracle,104.06299014391583,0.40743646787305887,0.40743646787305887
46,46,95,2022-01-25 00:00:00+00:00,2023-06-08 00:00:00+00:00,uniform,140.28621912676823,0.1,0.1
46,46,95,2022-01-25 00:00:00+00:00,2023-06-08 00:00:00+00:00,static_tass,104.7304045187884,0.30458046259076044,0.30458046259076044
46,46,95,2022-01-25 00:00:00+00:00,2023-06-08 00:00:00+00:00,online,110.3196172971564,0.3014693382491137,0.3014693382491137
46,46,95,2022-01-25 00:00:00+00:00,2023-06-08 00:00:00+00:00,oracle,113.9937555891625,0.4106520824850739,0.4106520824850739
47,47,96,2022-02-04 00:00:00+00:00,2023-06-18 00:00:00+00:00,uniform,148.27400482011984,0.1,0.1
47,47,96,2022-02-04 00:00:00+00:00,2023-06-18 00:00:00+00:00,static_tass,113.02355122899196,0.3019815390977675,0.3019815390977675
47,47,96,2022-02-04 00:00:00+00:00,2023-06-18 00:00:00+00:00,online,118.8331526842643,0.3083014239894834,0.3083014239894834
47,47,96,2022-02-04 00:00:00+00:00,2023-06-18 00:00:00+00:00,oracle,107.59963457746947,0.4071515035285805,0.4071515035285805
48,48,97,2022-02-14 00:00:00+00:00,2023-06-28 00:00:00+00:00,uniform,136.25649130895295,0.1,0.1
48,48,97,2022-02-14 00:00:00+00:00,2023-06-28 00:00:00+00:00,static_tass,114.74124668240204,0.30138313938938976,0.30138313938938976
48,48,97,2022-02-14 00:00:00+00:00,2023-06-28 00:00:00+00:00,online,104.09708134955198,0.30679661915208867,0.30679661915208867
48,48,97,2022-02-14 00:00:00+00:00,2023-06-28 00:00:00+00:00,oracle,102.4699361547366,0.4056255246023156,0.4056255246023156
49,49,98,2022-02-24 00:00:00+00:00,2023-07-08 00:00:00+00:00,uniform,162.71778469620148,0.1,0.1
49,49,98,2022-02-24 00:00:00+00:00,2023-07-08 00:00:00+00:00,static_tass,113.82327515875917,0.3027003998373056,0.3027003998373056
49,49,98,2022-02-24 00:00:00+00:00,2023-07-08 00:00:00+00:00,online,111.76096722689809,0.3108175264269277,0.3108175264269277
49,49,98,2022-02-24 00:00:00+00:00,2023-07-08 00:00:00+00:00,oracle,109.63123681880235,0.4004291740081367,0.4004291740081367
50,50,99,2022-03-06 00:00:00+00:00,2023-07-18 00:00:00+00:00,uniform,162.85430563517215,0.1,0.1
50,50,99,2022-03-06 00:00:00+00:00,2023-07-18 00:00:00+00:00,static_tass,113.93923354033096,0.3013060020117818,0.3013060020117818
50,50,99,2022-03-06 00:00:00+00:00,2023-07-18 00:00:00+00:00,online,116.15017447225104,0.30809101221093416,0.30809101221093416
50,50,99,2022-03-06 00:00:00+00:00,2023-07-18 00:00:00+00:00,oracle,105.25033371402841,0.40152728047261543,0.40152728047261543
51,51,100,2022-03-16 00:00:00+00:00,2023-07-28 00:00:00+00:00,uniform,156.61426381001021,0.1,0.1
51,51,100,2022-03-16 00:00:00+00:00,2023-07-28 00:00:00+00:00,static_tass,112.64854375435111,0.3018793368487255,0.3018793368487255
51,51,100,2022-03-16 00:00:00+00:00,2023-07-28 00:00:00+00:00,online,115.13334393522616,0.3085485030571518,0.3085485030571518
51,51,100,2022-03-16 00:00:00+00:00,2023-07-28 00:00:00+00:00,oracle,107.6407392640888,0.4019134102816747,0.4019134102816747
52,52,101,2022-03-26 00:00:00+00:00,2023-08-07 00:00:00+00:00,uniform,136.67933554027766,0.1,0.1
52,52,101,2022-03-26 00:00:00+00:00,2023-08-07 00:00:00+00:00,static_tass,118.46334745891377,0.30306346734455136,0.30306346734455136
52,52,101,2022-03-26 00:00:00+00:00,2023-08-07 00:00:00+00:00,online,111.21040087025703,0.3086608985822097,0.3086608985822097
52,52,101,2022-03-26 00:00:00+00:00,2023-08-07 00:00:00+00:00,oracle,105.25986406775168,0.4015867856317734,0.4015867856317734
53,53,102,2022-04-05 00:00:00+00:00,2023-08-17 00:00:00+00:00,uniform,145.42443531113824,0.1,0.1
53,53,102,2022-04-05 00:00:00+00:00,2023-08-17 00:00:00+00:00,static_tass,123.86274602540813,0.2619808757477284,0.2619808757477284
53,53,102,2022-04-05 00:00:00+00:00,2023-08-17 00:00:00+00:00,online,106.4361408416445,0.29825075104413645,0.29825075104413645
53,53,102,2022-04-05 00:00:00+00:00,2023-08-17 00:00:00+00:00,oracle,112.37264930494348,0.39740184397434875,0.39740184397434875
54,54,103,2022-04-15 00:00:00+00:00,2023-08-27 00:00:00+00:00,uniform,146.9469603145848,0.1,0.1
54,54,103,2022-04-15 00:00:00+00:00,2023-08-27 00:00:00+00:00,static_tass,121.2136836577923,0.26599504766564475,0.26599504766564475
54,54,103,2022-04-15 00:00:00+00:00,2023-08-27 00:00:00+00:00,online,115.32004841293276,0.30153246080707785,0.30153246080707785
54,54,103,2022-04-15 00:00:00+00:00,2023-08-27 00:00:00+00:00,oracle,110.64065340828203,0.4072661035764119,0.4072661035764119
55,55,104,2022-04-25 00:00:00+00:00,2023-09-06 00:00:00+00:00,uniform,155.67269205125066,0.1,0.1
55,55,104,2022-04-25 00:00:00+00:00,2023-09-06 00:00:00+00:00,static_tass,116.4073423628431,0.2648124736290986,0.2648124736290986
55,55,104,2022-04-25 00:00:00+00:00,2023-09-06 00:00:00+00:00,online,117.21959430630966,0.29961757080032125,0.29961757080032125
55,55,104,2022-04-25 00:00:00+00:00,2023-09-06 00:00:00+00:00,oracle,114.82009903791595,0.40371281923981717,0.40371281923981717
56,56,105,2022-05-05 00:00:00+00:00,2023-09-16 00:00:00+00:00,uniform,157.45739282561826,0.1,0.1
56,56,105,2022-05-05 00:00:00+00:00,2023-09-16 00:00:00+00:00,static_tass,127.41501121753222,0.27020150558104605,0.27020150558104605
56,56,105,2022-05-05 00:00:00+00:00,2023-09-16 00:00:00+00:00,online,118.7174988026815,0.3042015663476738,0.3042015663476738
56,56,105,2022-05-05 00:00:00+00:00,2023-09-16 00:00:00+00:00,oracle,108.51147952205805,0.4029855880050079,0.4029855880050079
57,57,106,2022-05-15 00:00:00+00:00,2023-09-26 00:00:00+00:00,uniform,149.01994993824425,0.1,0.1
57,57,106,2022-05-15 00:00:00+00:00,2023-09-26 00:00:00+00:00,static_tass,112.54910010551326,0.29061067137814645,0.29061067137814645
57,57,106,2022-05-15 00:00:00+00:00,2023-09-26 00:00:00+00:00,online,108.03101271932914,0.29524222591691407,0.29524222591691407
57,57,106,2022-05-15 00:00:00+00:00,2023-09-26 00:00:00+00:00,oracle,114.39239090127481,0.40101011953213106,0.40101011953213106
58,58,107,2022-05-25 00:00:00+00:00,2023-10-06 00:00:00+00:00,uniform,144.69207892727556,0.1,0.1
58,58,107,2022-05-25 00:00:00+00:00,2023-10-06 00:00:00+00:00,static_tass,120.05869388327994,0.2602353404369024,0.2602353404369024
58,58,107,2022-05-25 00:00:00+00:00,2023-10-06 00:00:00+00:00,online,113.98213983456512,0.28632921499970065,0.28632921499970065
58,58,107,2022-05-25 00:00:00+00:00,2023-10-06 00:00:00+00:00,oracle,103.58036798770121,0.3893738138674598,0.3893738138674598
59,59,108,2022-06-04 00:00:00+00:00,2023-10-16 00:00:00+00:00,uniform,156.02610815836263,0.1,0.1
59,59,108,2022-06-04 00:00:00+00:00,2023-10-16 00:00:00+00:00,static_tass,113.83869995126581,0.2583806381831482,0.2583806381831482
59,59,108,2022-06-04 00:00:00+00:00,2023-10-16 00:00:00+00:00,online,106.19893083179457,0.28971574781222875,0.28971574781222875
59,59,108,2022-06-04 00:00:00+00:00,2023-10-16 00:00:00+00:00,oracle,103.36438795245894,0.3896983530473589,0.3896983530473589
60,60,109,2022-06-14 00:00:00+00:00,2023-10-26 00:00:00+00:00,uniform,156.38857047508125,0.1,0.1
60,60,109,2022-06-14 00:00:00+00:00,2023-10-26 00:00:00+00:00,static_tass,117.68219106369295,0.25562480717518077,0.25562480717518077
60,60,109,2022-06-14 00:00:00+00:00,2023-10-26 00:00:00+00:00,online,109.47057161886543,0.28251693781616827,0.28251693781616827
60,60,109,2022-06-14 00:00:00+00:00,2023-10-26 00:00:00+00:00,oracle,110.02898770151037,0.3897424186604238,0.3897424186604238
61,61,110,2022-06-24 00:00:00+00:00,2023-11-05 00:00:00+00:00,uniform,149.5198010480858,0.1,0.1
61,61,110,2022-06-24 00:00:00+00:00,2023-11-05 00:00:00+00:00,static_tass,112.24557179937295,0.25856050481886916,0.25856050481886916
61,61,110,2022-06-24 00:00:00+00:00,2023-11-05 00:00:00+00:00,online,113.06484467086293,0.28531333847888785,0.28531333847888785
61,61,110,2022-06-24 00:00:00+00:00,2023-11-05 00:00:00+00:00,oracle,109.96677400990576,0.3889044152167334,0.3889044152167334
62,62,111,2022-07-04 00:00:00+00:00,2023-11-15 00:00:00+00:00,uniform,155.7281477668752,0.1,0.1
62,62,111,2022-07-04 00:00:00+00:00,2023-11-15 00:00:00+00:00,static_tass,115.10150770447606,0.30009396230034013,0.30009396230034013
62,62,111,2022-07-04 00:00:00+00:00,2023-11-15 00:00:00+00:00,online,113.73628647630579,0.309260612779289,0.309260612779289
62,62,111,2022-07-04 00:00:00+00:00,2023-11-15 00:00:00+00:00,oracle,112.25170287041594,0.38194096262178195,0.38194096262178195
63,63,112,2022-07-14 00:00:00+00:00,2023-11-25 00:00:00+00:00,uniform,149.58721380161322,0.1,0.1
63,63,112,2022-07-14 00:00:00+00:00,2023-11-25 00:00:00+00:00,static_tass,118.74717886746748,0.29771878020215525,0.29771878020215525
63,63,112,2022-07-14 00:00:00+00:00,2023-11-25 00:00:00+00:00,online,114.19233879516449,0.3005232370066127,0.3005232370066127
63,63,112,2022-07-14 00:00:00+00:00,2023-11-25 00:00:00+00:00,oracle,113.57557083176462,0.37576521400310653,0.37576521400310653
64,64,113,2022-07-24 00:00:00+00:00,2023-12-05 00:00:00+00:00,uniform,148.13781211788432,0.1,0.1
64,64,113,2022-07-24 00:00:00+00:00,2023-12-05 00:00:00+00:00,static_tass,126.87175467356094,0.29967032308193603,0.29967032308193603
64,64,113,2022-07-24 00:00:00+00:00,2023-12-05 00:00:00+00:00,online,122.69549573187508,0.2998608981252378,0.2998608981252378
64,64,113,2022-07-24 00:00:00+00:00,2023-12-05 00:00:00+00:00,oracle,116.89371659218804,0.3769586292693188,0.3769586292693188
65,65,114,2022-08-03 00:00:00+00:00,2023-12-15 00:00:00+00:00,uniform,147.85593387106647,0.1,0.1
65,65,114,2022-08-03 00:00:00+00:00,2023-12-15 00:00:00+00:00,static_tass,118.24911274112328,0.2984323220780733,0.2984323220780733
65,65,114,2022-08-03 00:00:00+00:00,2023-12-15 00:00:00+00:00,online,113.88379659061975,0.3033612856974295,0.3033612856974295
65,65,114,2022-08-03 00:00:00+00:00,2023-12-15 00:00:00+00:00,oracle,110.82840530932404,0.376607856701173,0.376607856701173
66,66,115,2022-08-13 00:00:00+00:00,2023-12-25 00:00:00+00:00,uniform,154.01317504454738,0.1,0.1
66,66,115,2022-08-13 00:00:00+00:00,2023-12-25 00:00:00+00:00,static_tass,126.73514456201711,0.29610960985065604,0.29610960985065604
66,66,115,2022-08-13 00:00:00+00:00,2023-12-25 00:00:00+00:00,online,121.51019099494745,0.3001099160212556,0.3001099160212556
66,66,115,2022-08-13 00:00:00+00:00,2023-12-25 00:00:00+00:00,oracle,119.45791102010901,0.3694402231342639,0.3694402231342639
67,67,116,2022-08-23 00:00:00+00:00,2024-01-04 00:00:00+00:00,uniform,161.0200371171664,0.1,0.1
67,67,116,2022-08-23 00:00:00+00:00,2024-01-04 00:00:00+00:00,static_tass,128.6788470131179,0.28641932044196994,0.28641932044196994
67,67,116,2022-08-23 00:00:00+00:00,2024-01-04 00:00:00+00:00,online,116.95477158298289,0.2778195831013457,0.2778195831013457
67,67,116,2022-08-23 00:00:00+00:00,2024-01-04 00:00:00+00:00,oracle,111.7966789455981,0.3661062396100673,0.3661062396100673
68,68,117,2022-09-02 00:00:00+00:00,2024-01-14 00:00:00+00:00,uniform,160.74472481531686,0.1,0.1
68,68,117,2022-09-02 00:00:00+00:00,2024-01-14 00:00:00+00:00,static_tass,135.56436710580076,0.2853175527648844,0.2853175527648844
68,68,117,2022-09-02 00:00:00+00:00,2024-01-14 00:00:00+00:00,online,128.77224088958678,0.2892376665011309,0.2892376665011309
68,68,117,2022-09-02 00:00:00+00:00,2024-01-14 00:00:00+00:00,oracle,112.92391307989232,0.36291892622020844,0.36291892622020844
69,69,118,2022-09-12 00:00:00+00:00,2024-01-24 00:00:00+00:00,uniform,169.92224841507237,0.1,0.1
69,69,118,2022-09-12 00:00:00+00:00,2024-01-24 00:00:00+00:00,static_tass,121.9919269393717,0.28527492673085125,0.28527492673085125
69,69,118,2022-09-12 00:00:00+00:00,2024-01-24 00:00:00+00:00,online,127.65867195715131,0.2916363969956828,0.2916363969956828
69,69,118,2022-09-12 00:00:00+00:00,2024-01-24 00:00:00+00:00,oracle,119.49632785660945,0.3658202227060124,0.3658202227060124
70,70,119,2022-09-22 00:00:00+00:00,2024-02-03 00:00:00+00:00,uniform,171.88457962102365,0.1,0.1
70,70,119,2022-09-22 00:00:00+00:00,2024-02-03 00:00:00+00:00,static_tass,135.48183268673682,0.28836193065308474,0.28836193065308474
70,70,119,2022-09-22 00:00:00+00:00,2024-02-03 00:00:00+00:00,online,129.38980287840423,0.29762635820047534,0.29762635820047534
70,70,119,2022-09-22 00:00:00+00:00,2024-02-03 00:00:00+00:00,oracle,120.62110067937371,0.36964448999202826,0.36964448999202826
71,71,120,2022-10-02 00:00:00+00:00,2024-02-13 00:00:00+00:00,uniform,153.4352394309831,0.1,0.1
71,71,120,2022-10-02 00:00:00+00:00,2024-02-13 00:00:00+00:00,static_tass,130.7627873421178,0.2860377266543391,0.2860377266543391
71,71,120,2022-10-02 00:00:00+00:00,2024-02-13 00:00:00+00:00,online,133.22978741701834,0.29473364507651884,0.29473364507651884
71,71,120,2022-10-02 00:00:00+00:00,2024-02-13 00:00:00+00:00,oracle,116.77283076038856,0.36591690185680104,0.36591690185680104
72,72,121,2022-10-12 00:00:00+00:00,2024-02-23 00:00:00+00:00,uniform,161.87374297139684,0.1,0.1
72,72,121,2022-10-12 00:00:00+00:00,2024-02-23 00:00:00+00:00,static_tass,126.71699111255691,0.28129555365721504,0.28129555365721504
72,72,121,2022-10-12 00:00:00+00:00,2024-02-23 00:00:00+00:00,online,127.63454134725787,0.29277009839852186,0.29277009839852186
72,72,121,2022-10-12 00:00:00+00:00,2024-02-23 00:00:00+00:00,oracle,121.01996017599801,0.3572425282160553,0.3572425282160553
73,73,122,2022-10-22 00:00:00+00:00,2024-03-04 00:00:00+00:00,uniform,157.45827257889334,0.1,0.1
73,73,122,2022-10-22 00:00:00+00:00,2024-03-04 00:00:00+00:00,static_tass,139.6923898797684,0.264817593572626,0.264817593572626
73,73,122,2022-10-22 00:00:00+00:00,2024-03-04 00:00:00+00:00,online,133.1265639194077,0.2845069599733699,0.2845069599733699
73,73,122,2022-10-22 00:00:00+00:00,2024-03-04 00:00:00+00:00,oracle,125.22613559088781,0.34647504127169443,0.34647504127169443
74,74,123,2022-11-01 00:00:00+00:00,2024-03-14 00:00:00+00:00,uniform,168.07449468252656,0.1,0.1
74,74,123,2022-11-01 00:00:00+00:00,2024-03-14 00:00:00+00:00,static_tass,140.42423809211652,0.3156402854813631,0.3156402854813631
74,74,123,2022-11-01 00:00:00+00:00,2024-03-14 00:00:00+00:00,online,127.87106518011467,0.2843836155612766,0.2843836155612766
74,74,123,2022-11-01 00:00:00+00:00,2024-03-14 00:00:00+00:00,oracle,126.70703220190441,0.34462714473886485,0.34462714473886485
75,75,124,2022-11-11 00:00:00+00:00,2024-03-24 00:00:00+00:00,uniform,139.56459295692065,0.1,0.1
75,75,124,2022-11-11 00:00:00+00:00,2024-03-24 00:00:00+00:00,static_tass,132.6406054778045,0.26468010348078447,0.26468010348078447
75,75,124,2022-11-11 00:00:00+00:00,2024-03-24 00:00:00+00:00,online,122.72139364138418,0.20900450667701415,0.20900450667701415
75,75,124,2022-11-11 00:00:00+00:00,2024-03-24 00:00:00+00:00,oracle,116.08467906479217,0.2721264763256788,0.2721264763256788
76,76,125,2022-11-21 00:00:00+00:00,2024-04-03 00:00:00+00:00,uniform,138.47962423196736,0.1,0.1
76,76,125,2022-11-21 00:00:00+00:00,2024-04-03 00:00:00+00:00,static_tass,127.79294258042587,0.26409987623789855,0.26409987623789855
76,76,125,2022-11-21 00:00:00+00:00,2024-04-03 00:00:00+00:00,online,121.4611881558499,0.21871481640978643,0.21871481640978643
76,76,125,2022-11-21 00:00:00+00:00,2024-04-03 00:00:00+00:00,oracle,118.51653011657842,0.2707649541746935,0.2707649541746935
77,77,126,2022-12-01 00:00:00+00:00,2024-04-13 00:00:00+00:00,uniform,144.51729129372785,0.1,0.1
77,77,126,2022-12-01 00:00:00+00:00,2024-04-13 00:00:00+00:00,static_tass,132.9029436051145,0.2623161184863816,0.2623161184863816
77,77,126,2022-12-01 00:00:00+00:00,2024-04-13 00:00:00+00:00,online,125.29622887396164,0.21862615189176185,0.21862615189176185
77,77,126,2022-12-01 00:00:00+00:00,2024-04-13 00:00:00+00:00,oracle,119.79072765125747,0.2674366175021851,0.2674366175021851
78,78,127,2022-12-11 00:00:00+00:00,2024-04-23 00:00:00+00:00,uniform,143.17988826072332,0.1,0.1
78,78,127,2022-12-11 00:00:00+00:00,2024-04-23 00:00:00+00:00,static_tass,139.07021058113068,0.26129253879829584,0.26129253879829584
78,78,127,2022-12-11 00:00:00+00:00,2024-04-23 00:00:00+00:00,online,124.24814429074196,0.21528560618545486,0.21528560618545486
78,78,127,2022-12-11 00:00:00+00:00,2024-04-23 00:00:00+00:00,oracle,117.41139794204874,0.26333522308039176,0.26333522308039176
79,79,128,2022-12-21 00:00:00+00:00,2024-05-03 00:00:00+00:00,uniform,149.91865467244313,0.1,0.1
79,79,128,2022-12-21 00:00:00+00:00,2024-05-03 00:00:00+00:00,static_tass,126.26793505183947,0.26438380541393564,0.26438380541393564
79,79,128,2022-12-21 00:00:00+00:00,2024-05-03 00:00:00+00:00,online,120.26852376662953,0.21375601574005998,0.21375601574005998
79,79,128,2022-12-21 00:00:00+00:00,2024-05-03 00:00:00+00:00,oracle,120.68111641334976,0.2644261410402452,0.2644261410402452
80,80,129,2022-12-31 00:00:00+00:00,2024-05-13 00:00:00+00:00,uniform,136.5783212118473,0.1,0.1
80,80,129,2022-12-31 00:00:00+00:00,2024-05-13 00:00:00+00:00,static_tass,129.50819535110082,0.26371133799451985,0.26371133799451985
80,80,129,2022-12-31 00:00:00+00:00,2024-05-13 00:00:00+00:00,online,130.24221684766255,0.21453579775652892,0.21453579775652892
80,80,129,2022-12-31 00:00:00+00:00,2024-05-13 00:00:00+00:00,oracle,125.41466360699685,0.2655840454354642,0.2655840454354642
81,81,130,2023-01-10 00:00:00+00:00,2024-05-23 00:00:00+00:00,uniform,141.4205264488992,0.1,0.1
81,81,130,2023-01-10 00:00:00+00:00,2024-05-23 00:00:00+00:00,static_tass,127.62084208929139,0.25877948894539204,0.25877948894539204
81,81,130,2023-01-10 00:00:00+00:00,2024-05-23 00:00:00+00:00,online,129.92672697195982,0.21438889567779496,0.21438889567779496
81,81,130,2023-01-10 00:00:00+00:00,2024-05-23 00:00:00+00:00,oracle,118.72127858642767,0.26536984999289354,0.26536984999289354
82,82,131,2023-01-20 00:00:00+00:00,2024-06-02 00:00:00+00:00,uniform,138.9052427633877,0.1,0.1
82,82,131,2023-01-20 00:00:00+00:00,2024-06-02 00:00:00+00:00,static_tass,121.73779747543323,0.2668888379481009,0.2668888379481009
82,82,131,2023-01-20 00:00:00+00:00,2024-06-02 00:00:00+00:00,online,124.51269745950735,0.21827227868295387,0.21827227868295387
82,82,131,2023-01-20 00:00:00+00:00,2024-06-02 00:00:00+00:00,oracle,110.36702283886046,0.2782264782284467,0.2782264782284467
83,83,132,2023-01-30 00:00:00+00:00,2024-06-12 00:00:00+00:00,uniform,136.19165214464414,0.1,0.1
83,83,132,2023-01-30 00:00:00+00:00,2024-06-12 00:00:00+00:00,static_tass,129.57764132355615,0.2671416162938428,0.2671416162938428
83,83,132,2023-01-30 00:00:00+00:00,2024-06-12 00:00:00+00:00,online,121.92319160985184,0.22088795182464172,0.22088795182464172
83,83,132,2023-01-30 00:00:00+00:00,2024-06-12 00:00:00+00:00,oracle,117.57014826612708,0.2717390871494516,0.2717390871494516
84,84,133,2023-02-09 00:00:00+00:00,2024-06-22 00:00:00+00:00,uniform,135.80311294867306,0.1,0.1
84,84,133,2023-02-09 00:00:00+00:00,2024-06-22 00:00:00+00:00,static_tass,126.71531236341094,0.26700764943291944,0.26700764943291944
84,84,133,2023-02-09 00:00:00+00:00,2024-06-22 00:00:00+00:00,online,121.21845192016477,0.2189804107096224,0.2189804107096224
84,84,133,2023-02-09 00:00:00+00:00,2024-06-22 00:00:00+00:00,oracle,116.17609318498454,0.2707720088994335,0.2707720088994335
85,85,134,2023-02-19 00:00:00+00:00,2024-07-02 00:00:00+00:00,uniform,137.90386698048314,0.1,0.1
85,85,134,2023-02-19 00:00:00+00:00,2024-07-02 00:00:00+00:00,static_tass,132.77208597840792,0.2685104266431812,0.2685104266431812
85,85,134,2023-02-19 00:00:00+00:00,2024-07-02 00:00:00+00:00,online,121.09261815899553,0.21472144123821946,0.21472144123821946
85,85,134,2023-02-19 00:00:00+00:00,2024-07-02 00:00:00+00:00,oracle,123.85689781567982,0.2702529805379544,0.2702529805379544
86,86,135,2023-03-01 00:00:00+00:00,2024-07-12 00:00:00+00:00,uniform,136.27141409381179,0.1,0.1
86,86,135,2023-03-01 00:00:00+00:00,2024-07-12 00:00:00+00:00,static_tass,137.42113562276617,0.26145281774049767,0.26145281774049767
86,86,135,2023-03-01 00:00:00+00:00,2024-07-12 00:00:00+00:00,online,122.30029386974768,0.20957201894977895,0.20957201894977895
86,86,135,2023-03-01 00:00:00+00:00,2024-07-12 00:00:00+00:00,oracle,116.49134432061037,0.2674518642753535,0.2674518642753535
87,87,136,2023-03-11 00:00:00+00:00,2024-07-22 00:00:00+00:00,uniform,136.617263547146,0.1,0.1
87,87,136,2023-03-11 00:00:00+00:00,2024-07-22 00:00:00+00:00,static_tass,131.9949054150762,0.26037276445992585,0.26037276445992585
87,87,136,2023-03-11 00:00:00+00:00,2024-07-22 00:00:00+00:00,online,123.18949318706566,0.20728045973454085,0.20728045973454085
87,87,136,2023-03-11 00:00:00+00:00,2024-07-22 00:00:00+00:00,oracle,114.62005678702991,0.26690962655448064,0.26690962655448064
88,88,137,2023-03-21 00:00:00+00:00,2024-08-01 00:00:00+00:00,uniform,143.7390622454912,0.1,0.1
88,88,137,2023-03-21 00:00:00+00:00,2024-08-01 00:00:00+00:00,static_tass,127.94548459670494,0.26707028109004255,0.26707028109004255
88,88,137,2023-03-21 00:00:00+00:00,2024-08-01 00:00:00+00:00,online,123.86596038973248,0.2153139344002395,0.2153139344002395
88,88,137,2023-03-21 00:00:00+00:00,2024-08-01 00:00:00+00:00,oracle,119.0474626971567,0.2712324012138356,0.2712324012138356
89,89,138,2023-03-31 00:00:00+00:00,2024-08-11 00:00:00+00:00,uniform,136.47350467277994,0.1,0.1
89,89,138,2023-03-31 00:00:00+00:00,2024-08-11 00:00:00+00:00,static_tass,131.09923065092576,0.2577563991953473,0.2577563991953473
89,89,138,2023-03-31 00:00:00+00:00,2024-08-11 00:00:00+00:00,online,120.92664820708929,0.21084459811341894,0.21084459811341894
89,89,138,2023-03-31 00:00:00+00:00,2024-08-11 00:00:00+00:00,oracle,121.17918154375153,0.2657741802865357,0.2657741802865357
90,90,139,2023-04-10 00:00:00+00:00,2024-08-21 00:00:00+00:00,uniform,133.20395016324358,0.1,0.1
90,90,139,2023-04-10 00:00:00+00:00,2024-08-21 00:00:00+00:00,static_tass,133.4641284360934,0.25661629661990126,0.25661629661990126
90,90,139,2023-04-10 00:00:00+00:00,2024-08-21 00:00:00+00:00,online,124.40346381045835,0.2131705054314515,0.2131705054314515
90,90,139,2023-04-10 00:00:00+00:00,2024-08-21 00:00:00+00:00,oracle,121.74962508340401,0.2649268108537086,0.2649268108537086
91,91,140,2023-04-20 00:00:00+00:00,2024-08-31 00:00:00+00:00,uniform,132.23305668942345,0.1,0.1
91,91,140,2023-04-20 00:00:00+00:00,2024-08-31 00:00:00+00:00,static_tass,126.6323011092691,0.26086157859759806,0.26086157859759806
91,91,140,2023-04-20 00:00:00+00:00,2024-08-31 00:00:00+00:00,online,125.8203150503995,0.21829825938147943,0.21829825938147943
91,91,140,2023-04-20 00:00:00+00:00,2024-08-31 00:00:00+00:00,oracle,119.08463168948356,0.26731929217532235,0.26731929217532235
92,92,141,2023-04-30 00:00:00+00:00,2024-09-10 00:00:00+00:00,uniform,131.8279424341483,0.1,0.1
92,92,141,2023-04-30 00:00:00+00:00,2024-09-10 00:00:00+00:00,static_tass,132.4802405611387,0.2612308908791802,0.2612308908791802
92,92,141,2023-04-30 00:00:00+00:00,2024-09-10 00:00:00+00:00,online,125.46224084720329,0.21750707219310256,0.21750707219310256
92,92,141,2023-04-30 00:00:00+00:00,2024-09-10 00:00:00+00:00,oracle,114.77450263211344,0.26517772929462774,0.26517772929462774
93,93,142,2023-05-10 00:00:00+00:00,2024-09-20 00:00:00+00:00,uniform,136.3688762747029,0.1,0.1
93,93,142,2023-05-10 00:00:00+00:00,2024-09-20 00:00:00+00:00,static_tass,133.40608117394356,0.260933946944125,0.260933946944125
93,93,142,2023-05-10 00:00:00+00:00,2024-09-20 00:00:00+00:00,online,127.85201258297808,0.21983245105916743,0.21983245105916743
93,93,142,2023-05-10 00:00:00+00:00,2024-09-20 00:00:00+00:00,oracle,118.02660616385631,0.26557810069846344,0.26557810069846344
94,94,143,2023-05-20 00:00:00+00:00,2024-09-30 00:00:00+00:00,uniform,139.99452002574134,0.1,0.1
94,94,143,2023-05-20 00:00:00+00:00,2024-09-30 00:00:00+00:00,static_tass,132.19919166158064,0.25893100926960116,0.25893100926960116
94,94,143,2023-05-20 00:00:00+00:00,2024-09-30 00:00:00+00:00,online,124.98959311746977,0.21766999702442658,0.21766999702442658
94,94,143,2023-05-20 00:00:00+00:00,2024-09-30 00:00:00+00:00,oracle,117.98996488150614,0.2640438137163309,0.2640438137163309
95,95,144,2023-05-30 00:00:00+00:00,2024-10-10 00:00:00+00:00,uniform,145.87105717370545,0.1,0.1
95,95,144,2023-05-30 00:00:00+00:00,2024-10-10 00:00:00+00:00,static_tass,122.16186743849481,0.2591525627700852,0.2591525627700852
95,95,144,2023-05-30 00:00:00+00:00,2024-10-10 00:00:00+00:00,online,119.39324326056907,0.21809685732388345,0.21809685732388345
95,95,144,2023-05-30 00:00:00+00:00,2024-10-10 00:00:00+00:00,oracle,122.75719769088398,0.2637791686942895,0.2637791686942895
96,96,145,2023-06-09 00:00:00+00:00,2024-10-20 00:00:00+00:00,uniform,133.49095293530482,0.1,0.1
96,96,145,2023-06-09 00:00:00+00:00,2024-10-20 00:00:00+00:00,static_tass,125.92189710944652,0.272206724803838,0.272206724803838
96,96,145,2023-06-09 00:00:00+00:00,2024-10-20 00:00:00+00:00,online,126.9144537445959,0.2145458264940086,0.2145458264940086
96,96,145,2023-06-09 00:00:00+00:00,2024-10-20 00:00:00+00:00,oracle,116.29743898858221,0.26779092371003893,0.26779092371003893
97,97,146,2023-06-19 00:00:00+00:00,2024-10-30 00:00:00+00:00,uniform,136.19843948445384,0.1,0.1
97,97,146,2023-06-19 00:00:00+00:00,2024-10-30 00:00:00+00:00,static_tass,126.75257970433104,0.27267975876229517,0.27267975876229517
97,97,146,2023-06-19 00:00:00+00:00,2024-10-30 00:00:00+00:00,online,127.7902923126552,0.2143013597991967,0.2143013597991967
97,97,146,2023-06-19 00:00:00+00:00,2024-10-30 00:00:00+00:00,oracle,113.14217368491964,0.26919176886940344,0.26919176886940344
98,98,147,2023-06-29 00:00:00+00:00,2024-11-09 00:00:00+00:00,uniform,133.54052201219483,0.1,0.1
98,98,147,2023-06-29 00:00:00+00:00,2024-11-09 00:00:00+00:00,static_tass,133.60747388485348,0.26819110624227005,0.26819110624227005
98,98,147,2023-06-29 00:00:00+00:00,2024-11-09 00:00:00+00:00,online,122.98938883112994,0.2108590510514074,0.2108590510514074
98,98,147,2023-06-29 00:00:00+00:00,2024-11-09 00:00:00+00:00,oracle,119.13535301363432,0.26621902376115775,0.26621902376115775
99,99,148,2023-07-09 00:00:00+00:00,2024-11-19 00:00:00+00:00,uniform,132.6322719744739,0.1,0.1
99,99,148,2023-07-09 00:00:00+00:00,2024-11-19 00:00:00+00:00,static_tass,123.37175592026009,0.2650590496245788,0.2650590496245788
99,99,148,2023-07-09 00:00:00+00:00,2024-11-19 00:00:00+00:00,online,121.43275413518418,0.21250483255720115,0.21250483255720115
99,99,148,2023-07-09 00:00:00+00:00,2024-11-19 00:00:00+00:00,oracle,121.52449470065555,0.2684376254522377,0.2684376254522377
100,100,149,2023-07-19 00:00:00+00:00,2024-11-29 00:00:00+00:00,uniform,136.38689074577937,0.1,0.1
100,100,149,2023-07-19 00:00:00+00:00,2024-11-29 00:00:00+00:00,static_tass,129.66519924230073,0.26484971585596584,0.26484971585596584
100,100,149,2023-07-19 00:00:00+00:00,2024-11-29 00:00:00+00:00,online,117.98476057780177,0.2129237931257947,0.2129237931257947
100,100,149,2023-07-19 00:00:00+00:00,2024-11-29 00:00:00+00:00,oracle,120.01980546553519,0.26762873014482136,0.26762873014482136
101,101,150,2023-07-29 00:00:00+00:00,2024-12-09 00:00:00+00:00,uniform,137.53029199600772,0.1,0.1
101,101,150,2023-07-29 00:00:00+00:00,2024-12-09 00:00:00+00:00,static_tass,132.18161053701425,0.2602098731855851,0.2602098731855851
101,101,150,2023-07-29 00:00:00+00:00,2024-12-09 00:00:00+00:00,online,123.36182109125677,0.21073911453268973,0.21073911453268973
101,101,150,2023-07-29 00:00:00+00:00,2024-12-09 00:00:00+00:00,oracle,123.50246094809577,0.2625391766060555,0.2625391766060555
102,102,151,2023-08-08 00:00:00+00:00,2024-12-19 00:00:00+00:00,uniform,133.50453229237405,0.1,0.1
102,102,151,2023-08-08 00:00:00+00:00,2024-12-19 00:00:00+00:00,static_tass,128.47607890547098,0.25811095290845176,0.25811095290845176
102,102,151,2023-08-08 00:00:00+00:00,2024-12-19 00:00:00+00:00,online,122.30120326254774,0.2104317551230207,0.2104317551230207
102,102,151,2023-08-08 00:00:00+00:00,2024-12-19 00:00:00+00:00,oracle,117.9204736834567,0.2620015505330715,0.2620015505330715
103,103,152,2023-08-18 00:00:00+00:00,2024-12-29 00:00:00+00:00,uniform,126.9325361207994,0.1,0.1
103,103,152,2023-08-18 00:00:00+00:00,2024-12-29 00:00:00+00:00,static_tass,124.15885228589268,0.26870583988441865,0.26870583988441865
103,103,152,2023-08-18 00:00:00+00:00,2024-12-29 00:00:00+00:00,online,118.6267007693533,0.21174430747578,0.21174430747578
103,103,152,2023-08-18 00:00:00+00:00,2024-12-29 00:00:00+00:00,oracle,118.36278451455124,0.25472500843859547,0.25472500843859547
104,104,153,2023-08-28 00:00:00+00:00,2025-01-08 00:00:00+00:00,uniform,133.61896171726917,0.1,0.1
104,104,153,2023-08-28 00:00:00+00:00,2025-01-08 00:00:00+00:00,static_tass,120.41410160806574,0.2694813905174608,0.2694813905174608
104,104,153,2023-08-28 00:00:00+00:00,2025-01-08 00:00:00+00:00,online,117.15408270775244,0.2093140789068354,0.2093140789068354
104,104,153,2023-08-28 00:00:00+00:00,2025-01-08 00:00:00+00:00,oracle,114.91560682510512,0.25523436577070663,0.25523436577070663
105,105,154,2023-09-07 00:00:00+00:00,2025-01-18 00:00:00+00:00,uniform,127.88365377426159,0.1,0.1
105,105,154,2023-09-07 00:00:00+00:00,2025-01-18 00:00:00+00:00,static_tass,124.98490713708969,0.2680500431046453,0.2680500431046453
105,105,154,2023-09-07 00:00:00+00:00,2025-01-18 00:00:00+00:00,online,114.70573255055582,0.206999022828736,0.206999022828736
105,105,154,2023-09-07 00:00:00+00:00,2025-01-18 00:00:00+00:00,oracle,116.57939617341346,0.25253521876544627,0.25253521876544627
106,106,155,2023-09-17 00:00:00+00:00,2025-01-28 00:00:00+00:00,uniform,131.58283382085727,0.1,0.1
106,106,155,2023-09-17 00:00:00+00:00,2025-01-28 00:00:00+00:00,static_tass,118.7699251895093,0.26724916675559396,0.26724916675559396
106,106,155,2023-09-17 00:00:00+00:00,2025-01-28 00:00:00+00:00,online,124.18087409884075,0.2063544203519897,0.2063544203519897
106,106,155,2023-09-17 00:00:00+00:00,2025-01-28 00:00:00+00:00,oracle,117.05795492921278,0.2503963045020816,0.2503963045020816
107,107,156,2023-09-27 00:00:00+00:00,2025-02-07 00:00:00+00:00,uniform,135.2265998868611,0.1,0.1
107,107,156,2023-09-27 00:00:00+00:00,2025-02-07 00:00:00+00:00,static_tass,126.7023584469151,0.26365571791344405,0.26365571791344405
107,107,156,2023-09-27 00:00:00+00:00,2025-02-07 00:00:00+00:00,online,124.5055280210898,0.20327596378435003,0.20327596378435003
107,107,156,2023-09-27 00:00:00+00:00,2025-02-07 00:00:00+00:00,oracle,120.50508091941144,0.24671219721165638,0.24671219721165638
108,108,157,2023-10-07 00:00:00+00:00,2025-02-17 00:00:00+00:00,uniform,132.66705860587206,0.1,0.1
108,108,157,2023-10-07 00:00:00+00:00,2025-02-17 00:00:00+00:00,static_tass,119.46538293252027,0.2529097697131155,0.2529097697131155
108,108,157,2023-10-07 00:00:00+00:00,2025-02-17 00:00:00+00:00,online,117.91473230336595,0.18994457224624714,0.18994457224624714
108,108,157,2023-10-07 00:00:00+00:00,2025-02-17 00:00:00+00:00,oracle,119.87072344210391,0.24258110173308195,0.24258110173308195
109,109,158,2023-10-17 00:00:00+00:00,2025-02-27 00:00:00+00:00,uniform,131.42935162706695,0.1,0.1
109,109,158,2023-10-17 00:00:00+00:00,2025-02-27 00:00:00+00:00,static_tass,114.58045893247203,0.25236955975159725,0.25236955975159725
109,109,158,2023-10-17 00:00:00+00:00,2025-02-27 00:00:00+00:00,online,126.36802066497252,0.19060974115806373,0.19060974115806373
109,109,158,2023-10-17 00:00:00+00:00,2025-02-27 00:00:00+00:00,oracle,114.2789308761725,0.24086426151699483,0.24086426151699483
110,110,159,2023-10-27 00:00:00+00:00,2025-03-09 00:00:00+00:00,uniform,142.4637393717714,0.1,0.1
110,110,159,2023-10-27 00:00:00+00:00,2025-03-09 00:00:00+00:00,static_tass,131.92933662784947,0.2598549185604038,0.2598549185604038
110,110,159,2023-10-27 00:00:00+00:00,2025-03-09 00:00:00+00:00,online,117.84739136287735,0.20000441339564057,0.20000441339564057
110,110,159,2023-10-27 00:00:00+00:00,2025-03-09 00:00:00+00:00,oracle,119.07215840022043,0.2509773456403598,0.2509773456403598
111,111,160,2023-11-06 00:00:00+00:00,2025-03-19 00:00:00+00:00,uniform,141.6462056853402,0.1,0.1
111,111,160,2023-11-06 00:00:00+00:00,2025-03-19 00:00:00+00:00,static_tass,125.77159342036353,0.2601522432746065,0.2601522432746065
111,111,160,2023-11-06 00:00:00+00:00,2025-03-19 00:00:00+00:00,online,125.24648869562468,0.20173164174735558,0.20173164174735558
111,111,160,2023-11-06 00:00:00+00:00,2025-03-19 00:00:00+00:00,oracle,122.09655438711872,0.252565738530643,0.252565738530643
112,112,161,2023-11-16 00:00:00+00:00,2025-03-29 00:00:00+00:00,uniform,128.07259892148767,0.1,0.1
112,112,161,2023-11-16 00:00:00+00:00,2025-03-29 00:00:00+00:00,static_tass,123.78513818548282,0.20065643655766804,0.20065643655766804
112,112,161,2023-11-16 00:00:00+00:00,2025-03-29 00:00:00+00:00,online,112.59922336716448,0.17736536246907028,0.17736536246907028
112,112,161,2023-11-16 00:00:00+00:00,2025-03-29 00:00:00+00:00,oracle,113.36805508847726,0.2412813560520725,0.2412813560520725
113,113,162,2023-11-26 00:00:00+00:00,2025-04-08 00:00:00+00:00,uniform,135.04790114943626,0.1,0.1
113,113,162,2023-11-26 00:00:00+00:00,2025-04-08 00:00:00+00:00,static_tass,119.19457167745773,0.20160855848907225,0.20160855848907225
113,113,162,2023-11-26 00:00:00+00:00,2025-04-08 00:00:00+00:00,online,118.94798297689512,0.17951462443257843,0.17951462443257843
113,113,162,2023-11-26 00:00:00+00:00,2025-04-08 00:00:00+00:00,oracle,119.1974836414018,0.24448591177131068,0.24448591177131068
114,114,163,2023-12-06 00:00:00+00:00,2025-04-18 00:00:00+00:00,uniform,123.03485283275133,0.1,0.1
114,114,163,2023-12-06 00:00:00+00:00,2025-04-18 00:00:00+00:00,static_tass,126.20382877545293,0.2004472646916612,0.2004472646916612
114,114,163,2023-12-06 00:00:00+00:00,2025-04-18 00:00:00+00:00,online,115.91984285213682,0.17668928499753203,0.17668928499753203
114,114,163,2023-12-06 00:00:00+00:00,2025-04-18 00:00:00+00:00,oracle,113.08262773317905,0.24151551603941263,0.24151551603941263
115,115,164,2023-12-16 00:00:00+00:00,2025-04-28 00:00:00+00:00,uniform,132.4163065720177,0.1,0.1
115,115,164,2023-12-16 00:00:00+00:00,2025-04-28 00:00:00+00:00,static_tass,126.93957790853153,0.20246381854680065,0.20246381854680065
115,115,164,2023-12-16 00:00:00+00:00,2025-04-28 00:00:00+00:00,online,115.1728730658224,0.1777758943994137,0.1777758943994137
115,115,164,2023-12-16 00:00:00+00:00,2025-04-28 00:00:00+00:00,oracle,108.62919042382126,0.24259788260331228,0.24259788260331228
116,116,165,2023-12-26 00:00:00+00:00,2025-05-08 00:00:00+00:00,uniform,125.6760463009201,0.1,0.1
116,116,165,2023-12-26 00:00:00+00:00,2025-05-08 00:00:00+00:00,static_tass,130.6229585728628,0.20376293861138864,0.20376293861138864
116,116,165,2023-12-26 00:00:00+00:00,2025-05-08 00:00:00+00:00,online,119.06320933269349,0.18250586174503236,0.18250586174503236
116,116,165,2023-12-26 00:00:00+00:00,2025-05-08 00:00:00+00:00,oracle,112.21510009863754,0.24279174688045788,0.24279174688045788
117,117,166,2024-01-05 00:00:00+00:00,2025-05-18 00:00:00+00:00,uniform,126.42161845146772,0.1,0.1
117,117,166,2024-01-05 00:00:00+00:00,2025-05-18 00:00:00+00:00,static_tass,114.74018541230957,0.20927832736549676,0.20927832736549676
117,117,166,2024-01-05 00:00:00+00:00,2025-05-18 00:00:00+00:00,online,120.24183088236173,0.18594899508651158,0.18594899508651158
117,117,166,2024-01-05 00:00:00+00:00,2025-05-18 00:00:00+00:00,oracle,105.19140081432496,0.24317293695557632,0.24317293695557632
118,118,167,2024-01-15 00:00:00+00:00,2025-05-28 00:00:00+00:00,uniform,120.37838386970729,0.1,0.1
118,118,167,2024-01-15 00:00:00+00:00,2025-05-28 00:00:00+00:00,static_tass,121.74708871564363,0.21075496283056125,0.21075496283056125
118,118,167,2024-01-15 00:00:00+00:00,2025-05-28 00:00:00+00:00,online,116.97397339083047,0.1869706521663626,0.1869706521663626
118,118,167,2024-01-15 00:00:00+00:00,2025-05-28 00:00:00+00:00,oracle,109.83866015468436,0.24639837479863175,0.24639837479863175
119,119,168,2024-01-25 00:00:00+00:00,2025-06-07 00:00:00+00:00,uniform,128.01955707575962,0.1,0.1
119,119,168,2024-01-25 00:00:00+00:00,2025-06-07 00:00:00+00:00,static_tass,116.47568483884086,0.21111429991111474,0.21111429991111474
119,119,168,2024-01-25 00:00:00+00:00,2025-06-07 00:00:00+00:00,online,119.07957171349912,0.18804944797513207,0.18804944797513207
119,119,168,2024-01-25 00:00:00+00:00,2025-06-07 00:00:00+00:00,oracle,117.32995682420086,0.24516548955018633,0.24516548955018633
120,120,169,2024-02-04 00:00:00+00:00,2025-06-17 00:00:00+00:00,uniform,126.67704790570684,0.1,0.1
120,120,169,2024-02-04 00:00:00+00:00,2025-06-17 00:00:00+00:00,static_tass,123.90802372340971,0.2104276338714463,0.2104276338714463
120,120,169,2024-02-04 00:00:00+00:00,2025-06-17 00:00:00+00:00,online,115.21455891121795,0.18895567747526615,0.18895567747526615
120,120,169,2024-02-04 00:00:00+00:00,2025-06-17 00:00:00+00:00,oracle,111.40890197626622,0.2444123711222158,0.2444123711222158
121,121,170,2024-02-14 00:00:00+00:00,2025-06-27 00:00:00+00:00,uniform,128.2945885636202,0.1,0.1
121,121,170,2024-02-14 00:00:00+00:00,2025-06-27 00:00:00+00:00,static_tass,118.92847812827249,0.21102618340648158,0.21102618340648158
121,121,170,2024-02-14 00:00:00+00:00,2025-06-27 00:00:00+00:00,online,115.48818873831,0.1887551034522795,0.1887551034522795
121,121,170,2024-02-14 00:00:00+00:00,2025-06-27 00:00:00+00:00,oracle,116.21457002253771,0.24666174163273732,0.24666174163273732
122,122,171,2024-02-24 00:00:00+00:00,2025-07-07 00:00:00+00:00,uniform,121.82231121939613,0.1,0.1
122,122,171,2024-02-24 00:00:00+00:00,2025-07-07 00:00:00+00:00,static_tass,121.39336159432747,0.21411758966975972,0.21411758966975972
122,122,171,2024-02-24 00:00:00+00:00,2025-07-07 00:00:00+00:00,online,121.84680388628655,0.19115867858257363,0.19115867858257363
122,122,171,2024-02-24 00:00:00+00:00,2025-07-07 00:00:00+00:00,oracle,112.88278248351604,0.2527166239801494,0.2527166239801494
123,123,172,2024-03-05 00:00:00+00:00,2025-07-17 00:00:00+00:00,uniform,115.90355517747095,0.1,0.1
123,123,172,2024-03-05 00:00:00+00:00,2025-07-17 00:00:00+00:00,static_tass,117.55496460203032,0.2397639994660769,0.2397639994660769
123,123,172,2024-03-05 00:00:00+00:00,2025-07-17 00:00:00+00:00,online,103.92236242864489,0.18921158714707606,0.18921158714707606
123,123,172,2024-03-05 00:00:00+00:00,2025-07-17 00:00:00+00:00,oracle,95.71319442774869,0.245759566637603,0.245759566637603
124,124,173,2024-03-15 00:00:00+00:00,2025-07-27 00:00:00+00:00,uniform,121.40158933551344,0.1,0.1
124,124,173,2024-03-15 00:00:00+00:00,2025-07-27 00:00:00+00:00,static_tass,113.20660448103285,0.20236360714404783,0.20236360714404783
124,124,173,2024-03-15 00:00:00+00:00,2025-07-27 00:00:00+00:00,online,108.23301749613546,0.1701485450376207,0.1701485450376207
124,124,173,2024-03-15 00:00:00+00:00,2025-07-27 00:00:00+00:00,oracle,100.07865058911128,0.2276074219769868,0.2276074219769868
125,125,174,2024-03-25 00:00:00+00:00,2025-08-06 00:00:00+00:00,uniform,112.79898805840739,0.1,0.1
125,125,174,2024-03-25 00:00:00+00:00,2025-08-06 00:00:00+00:00,static_tass,108.58691621868344,0.19011984325326825,0.19011984325326825
125,125,174,2024-03-25 00:00:00+00:00,2025-08-06 00:00:00+00:00,online,111.5131812435603,0.167719002736131,0.167719002736131
125,125,174,2024-03-25 00:00:00+00:00,2025-08-06 00:00:00+00:00,oracle,103.19306437050786,0.23233365405305617,0.23233365405305617
126,126,175,2024-04-04 00:00:00+00:00,2025-08-16 00:00:00+00:00,uniform,113.22410197813234,0.1,0.1
126,126,175,2024-04-04 00:00:00+00:00,2025-08-16 00:00:00+00:00,static_tass,108.44673126080053,0.1877431166446623,0.1877431166446623
126,126,175,2024-04-04 00:00:00+00:00,2025-08-16 00:00:00+00:00,online,112.7222085812597,0.16737225042977955,0.16737225042977955
126,126,175,2024-04-04 00:00:00+00:00,2025-08-16 00:00:00+00:00,oracle,107.59076093170286,0.2291462513627126,0.2291462513627126
127,127,176,2024-04-14 00:00:00+00:00,2025-08-26 00:00:00+00:00,uniform,122.76299124179512,0.1,0.1
127,127,176,2024-04-14 00:00:00+00:00,2025-08-26 00:00:00+00:00,static_tass,112.2964600307351,0.18416433571994756,0.18416433571994756
127,127,176,2024-04-14 00:00:00+00:00,2025-08-26 00:00:00+00:00,online,105.56646810615844,0.1664877171168654,0.1664877171168654
127,127,176,2024-04-14 00:00:00+00:00,2025-08-26 00:00:00+00:00,oracle,102.31071228630717,0.230933260543579,0.230933260543579
128,128,177,2024-04-24 00:00:00+00:00,2025-09-05 00:00:00+00:00,uniform,114.72628858082521,0.1,0.1
128,128,177,2024-04-24 00:00:00+00:00,2025-09-05 00:00:00+00:00,static_tass,108.06097130610254,0.18450561572768387,0.18450561572768387
128,128,177,2024-04-24 00:00:00+00:00,2025-09-05 00:00:00+00:00,online,107.91323940970294,0.16615762489707206,0.16615762489707206
128,128,177,2024-04-24 00:00:00+00:00,2025-09-05 00:00:00+00:00,oracle,105.90403362417793,0.23324438510710016,0.23324438510710016
129,129,178,2024-05-04 00:00:00+00:00,2025-09-15 00:00:00+00:00,uniform,112.08770633111608,0.1,0.1
129,129,178,2024-05-04 00:00:00+00:00,2025-09-15 00:00:00+00:00,static_tass,115.96134517673615,0.18497194759895902,0.18497194759895902
129,129,178,2024-05-04 00:00:00+00:00,2025-09-15 00:00:00+00:00,online,107.9101697350689,0.16734701821541093,0.16734701821541093
129,129,178,2024-05-04 00:00:00+00:00,2025-09-15 00:00:00+00:00,oracle,105.40438309903843,0.23334443765238827,0.23334443765238827
130,130,179,2024-05-14 00:00:00+00:00,2025-09-25 00:00:00+00:00,uniform,121.1445568378909,0.1,0.1
130,130,179,2024-05-14 00:00:00+00:00,2025-09-25 00:00:00+00:00,static_tass,114.5342041563352,0.1806496935318605,0.1806496935318605
130,130,179,2024-05-14 00:00:00+00:00,2025-09-25 00:00:00+00:00,online,115.82693865490283,0.1679177324929393,0.1679177324929393
130,130,179,2024-05-14 00:00:00+00:00,2025-09-25 00:00:00+00:00,oracle,106.10250358305306,0.22829372036767143,0.22829372036767143
131,131,180,2024-05-24 00:00:00+00:00,2025-10-05 00:00:00+00:00,uniform,115.18097929130498,0.1,0.1
131,131,180,2024-05-24 00:00:00+00:00,2025-10-05 00:00:00+00:00,static_tass,111.15883527920766,0.16753768452837428,0.16753768452837428
131,131,180,2024-05-24 00:00:00+00:00,2025-10-05 00:00:00+00:00,online,106.76569773901552,0.16250379383669744,0.16250379383669744
131,131,180,2024-05-24 00:00:00+00:00,2025-10-05 00:00:00+00:00,oracle,103.6860177597721,0.22095297720528329,0.22095297720528329
132,132,181,2024-06-03 00:00:00+00:00,2025-10-15 00:00:00+00:00,uniform,118.78485959453866,0.1,0.1
132,132,181,2024-06-03 00:00:00+00:00,2025-10-15 00:00:00+00:00,static_tass,110.56633187909169,0.19042949383524765,0.19042949383524765
132,132,181,2024-06-03 00:00:00+00:00,2025-10-15 00:00:00+00:00,online,108.81286832197745,0.18684880161827122,0.18684880161827122
132,132,181,2024-06-03 00:00:00+00:00,2025-10-15 00:00:00+00:00,oracle,116.16590460777661,0.2253273205610492,0.2253273205610492
133,133,182,2024-06-13 00:00:00+00:00,2025-10-25 00:00:00+00:00,uniform,112.96021956929447,0.1,0.1
133,133,182,2024-06-13 00:00:00+00:00,2025-10-25 00:00:00+00:00,static_tass,116.0485312363551,0.19035231080836645,0.19035231080836645
133,133,182,2024-06-13 00:00:00+00:00,2025-10-25 00:00:00+00:00,online,104.44836093612544,0.19471729009074384,0.19471729009074384
133,133,182,2024-06-13 00:00:00+00:00,2025-10-25 00:00:00+00:00,oracle,108.63538331983207,0.22785461408680244,0.22785461408680244
134,134,183,2024-06-23 00:00:00+00:00,2025-11-04 00:00:00+00:00,uniform,114.93878285354847,0.1,0.1
134,134,183,2024-06-23 00:00:00+00:00,2025-11-04 00:00:00+00:00,static_tass,110.77665674183494,0.1905539800625326,0.1905539800625326
134,134,183,2024-06-23 00:00:00+00:00,2025-11-04 00:00:00+00:00,online,114.37384810333829,0.1979642517256785,0.1979642517256785
134,134,183,2024-06-23 00:00:00+00:00,2025-11-04 00:00:00+00:00,oracle,103.3926455780142,0.22991472841944124,0.22991472841944124
135,135,184,2024-07-03 00:00:00+00:00,2025-11-14 00:00:00+00:00,uniform,119.018899191922,0.1,0.1
135,135,184,2024-07-03 00:00:00+00:00,2025-11-14 00:00:00+00:00,static_tass,109.42192560589109,0.19147271512039538,0.19147271512039538
135,135,184,2024-07-03 00:00:00+00:00,2025-11-14 00:00:00+00:00,online,105.51410314673294,0.19747133489569724,0.19747133489569724
135,135,184,2024-07-03 00:00:00+00:00,2025-11-14 00:00:00+00:00,oracle,98.58500484364335,0.2323381657222018,0.2323381657222018
136,136,185,2024-07-13 00:00:00+00:00,2025-11-24 00:00:00+00:00,uniform,109.55972676761482,0.1,0.1
136,136,185,2024-07-13 00:00:00+00:00,2025-11-24 00:00:00+00:00,static_tass,106.9188378464204,0.19665950643767796,0.19665950643767796
136,136,185,2024-07-13 00:00:00+00:00,2025-11-24 00:00:00+00:00,online,108.24375665415594,0.19666867516950173,0.19666867516950173
136,136,185,2024-07-13 00:00:00+00:00,2025-11-24 00:00:00+00:00,oracle,107.32358109726196,0.23341507966985858,0.23341507966985858
137,137,186,2024-07-23 00:00:00+00:00,2025-12-04 00:00:00+00:00,uniform,115.26216734091464,0.1,0.1
137,137,186,2024-07-23 00:00:00+00:00,2025-12-04 00:00:00+00:00,static_tass,103.08484091857368,0.196052713357576,0.196052713357576
137,137,186,2024-07-23 00:00:00+00:00,2025-12-04 00:00:00+00:00,online,111.099157658977,0.19341267064885148,0.19341267064885148
137,137,186,2024-07-23 00:00:00+00:00,2025-12-04 00:00:00+00:00,oracle,103.04010150479796,0.23331684012946885,0.23331684012946885
138,138,187,2024-08-02 00:00:00+00:00,2025-12-14 00:00:00+00:00,uniform,114.91417198298062,0.1,0.1
138,138,187,2024-08-02 00:00:00+00:00,2025-12-14 00:00:00+00:00,static_tass,109.47422062545975,0.19617113008232032,0.19617113008232032
138,138,187,2024-08-02 00:00:00+00:00,2025-12-14 00:00:00+00:00,online,103.46961114727732,0.18883965238424472,0.18883965238424472
138,138,187,2024-08-02 00:00:00+00:00,2025-12-14 00:00:00+00:00,oracle,109.79525202030386,0.23546366463445334,0.23546366463445334
139,139,188,2024-08-12 00:00:00+00:00,2025-12-24 00:00:00+00:00,uniform,114.70288935316448,0.1,0.1
139,139,188,2024-08-12 00:00:00+00:00,2025-12-24 00:00:00+00:00,static_tass,115.94566433285814,0.16961612209746157,0.16961612209746157
139,139,188,2024-08-12 00:00:00+00:00,2025-12-24 00:00:00+00:00,online,103.7371679780183,0.1819058136408282,0.1819058136408282
139,139,188,2024-08-12 00:00:00+00:00,2025-12-24 00:00:00+00:00,oracle,104.45221287120972,0.23161712775160842,0.23161712775160842
140,140,189,2024-08-22 00:00:00+00:00,2026-01-03 00:00:00+00:00,uniform,110.63706685755537,0.1,0.1
140,140,189,2024-08-22 00:00:00+00:00,2026-01-03 00:00:00+00:00,static_tass,107.451258492869,0.16996249167655542,0.16996249167655542
140,140,189,2024-08-22 00:00:00+00:00,2026-01-03 00:00:00+00:00,online,107.61299975230142,0.17833452237765848,0.17833452237765848
140,140,189,2024-08-22 00:00:00+00:00,2026-01-03 00:00:00+00:00,oracle,108.69382756079193,0.23008565995718638,0.23008565995718638
141,141,190,2024-09-01 00:00:00+00:00,2026-01-13 00:00:00+00:00,uniform,116.34158957567047,0.1,0.1
141,141,190,2024-09-01 00:00:00+00:00,2026-01-13 00:00:00+00:00,static_tass,115.18852758988992,0.1686770669580418,0.1686770669580418
141,141,190,2024-09-01 00:00:00+00:00,2026-01-13 00:00:00+00:00,online,103.96145172914301,0.1742294796723149,0.1742294796723149
141,141,190,2024-09-01 00:00:00+00:00,2026-01-13 00:00:00+00:00,oracle,103.59538049738143,0.2266108904391114,0.2266108904391114
142,142,191,2024-09-11 00:00:00+00:00,2026-01-23 00:00:00+00:00,uniform,118.13073993640722,0.1,0.1
142,142,191,2024-09-11 00:00:00+00:00,2026-01-23 00:00:00+00:00,static_tass,115.84372277653628,0.16754048447991685,0.16754048447991685
142,142,191,2024-09-11 00:00:00+00:00,2026-01-23 00:00:00+00:00,online,101.67362202692674,0.17082225056816033,0.17082225056816033
142,142,191,2024-09-11 00:00:00+00:00,2026-01-23 00:00:00+00:00,oracle,102.18735263960426,0.22639815911607178,0.22639815911607178
143,143,192,2024-09-21 00:00:00+00:00,2026-02-02 00:00:00+00:00,uniform,110.14454193475316,0.1,0.1
143,143,192,2024-09-21 00:00:00+00:00,2026-02-02 00:00:00+00:00,static_tass,111.07847207412232,0.17992836538303414,0.17992836538303414
143,143,192,2024-09-21 00:00:00+00:00,2026-02-02 00:00:00+00:00,online,112.44817496388663,0.1800942753004822,0.1800942753004822
143,143,192,2024-09-21 00:00:00+00:00,2026-02-02 00:00:00+00:00,oracle,109.8637124932132,0.2301698217345154,0.2301698217345154
144,144,193,2024-10-01 00:00:00+00:00,2026-02-12 00:00:00+00:00,uniform,126.9781837834386,0.1,0.1
144,144,193,2024-10-01 00:00:00+00:00,2026-02-12 00:00:00+00:00,static_tass,116.30429973581236,0.17912002182613035,0.17912002182613035
144,144,193,2024-10-01 00:00:00+00:00,2026-02-12 00:00:00+00:00,online,119.07746776959343,0.17140920628004955,0.17140920628004955
144,144,193,2024-10-01 00:00:00+00:00,2026-02-12 00:00:00+00:00,oracle,116.14633855549887,0.24863862986660662,0.24863862986660662
145,145,194,2024-10-11 00:00:00+00:00,2026-02-22 00:00:00+00:00,uniform,126.39823123261385,0.1,0.1
145,145,194,2024-10-11 00:00:00+00:00,2026-02-22 00:00:00+00:00,static_tass,113.5243889155228,0.1801593296126808,0.1801593296126808
145,145,194,2024-10-11 00:00:00+00:00,2026-02-22 00:00:00+00:00,online,105.49380408349262,0.17469753851165795,0.17469753851165795
145,145,194,2024-10-11 00:00:00+00:00,2026-02-22 00:00:00+00:00,oracle,113.48215854685121,0.24953775337804257,0.24953775337804257
146,146,195,2024-10-21 00:00:00+00:00,2026-03-04 00:00:00+00:00,uniform,119.56403818906429,0.1,0.1
146,146,195,2024-10-21 00:00:00+00:00,2026-03-04 00:00:00+00:00,static_tass,117.17570852019121,0.18043741052195789,0.18043741052195789
146,146,195,2024-10-21 00:00:00+00:00,2026-03-04 00:00:00+00:00,online,109.23220859758153,0.1823749421422986,0.1823749421422986
146,146,195,2024-10-21 00:00:00+00:00,2026-03-04 00:00:00+00:00,oracle,113.08753946161717,0.2503516603003838,0.2503516603003838
147,147,196,2024-10-31 00:00:00+00:00,2026-03-14 00:00:00+00:00,uniform,125.91303342561656,0.1,0.1
147,147,196,2024-10-31 00:00:00+00:00,2026-03-14 00:00:00+00:00,static_tass,119.32139037548308,0.1829146275527536,0.1829146275527536
147,147,196,2024-10-31 00:00:00+00:00,2026-03-14 00:00:00+00:00,online,115.54012018498281,0.1842488015645749,0.1842488015645749
147,147,196,2024-10-31 00:00:00+00:00,2026-03-14 00:00:00+00:00,oracle,109.49078396878438,0.25369225444800614,0.25369225444800614
148,148,197,2024-11-10 00:00:00+00:00,2026-03-24 00:00:00+00:00,uniform,118.27888540999774,0.1,0.1
148,148,197,2024-11-10 00:00:00+00:00,2026-03-24 00:00:00+00:00,static_tass,112.2079518481692,0.18735193249536958,0.18735193249536958
148,148,197,2024-11-10 00:00:00+00:00,2026-03-24 00:00:00+00:00,online,107.99282962756844,0.1871032099530679,0.1871032099530679
148,148,197,2024-11-10 00:00:00+00:00,2026-03-24 00:00:00+00:00,oracle,106.3095771448386,0.2566043370355158,0.2566043370355158
149,149,198,2024-11-20 00:00:00+00:00,2026-04-03 00:00:00+00:00,uniform,114.28528699728578,0.1,0.1
149,149,198,2024-11-20 00:00:00+00:00,2026-04-03 00:00:00+00:00,static_tass,112.51773024952212,0.19066977398385626,0.19066977398385626
149,149,198,2024-11-20 00:00:00+00:00,2026-04-03 00:00:00+00:00,online,111.7206493597555,0.18712476366680572,0.18712476366680572
149,149,198,2024-11-20 00:00:00+00:00,2026-04-03 00:00:00+00:00,oracle,109.87325061392765,0.2558304670702151,0.2558304670702151
