experiment,method,variable,mean,sd,q05,median,q95
crypto_student_t_k3_raw,uniform,nu,4.107270477158683,0.149910537449164,3.935062038898468,4.069113731384277,4.371631288528443
crypto_student_t_k3_raw,uniform,pi_0,0.25574617532747135,0.055122129445722215,0.16036586314439774,0.26329876482486725,0.3286077529191971
crypto_student_t_k3_raw,uniform,A_00,0.7300601620333536,0.051755960729636986,0.6387347936630249,0.7343728244304657,0.8067419469356537
crypto_student_t_k3_raw,uniform,trace_Sigma_0,0.011998466466819601,0.002451872173194316,0.008777455380186438,0.0115380953066051,0.016490291431546206
crypto_student_t_k3_raw,uniform,pi_1,0.2873847368678876,0.18912524032945402,0.12081572934985162,0.2402479574084282,0.6025248616933823
crypto_student_t_k3_raw,uniform,A_11,0.704897910782269,0.15768562432060437,0.5675323724746704,0.6286134719848633,0.9659572809934616
crypto_student_t_k3_raw,uniform,trace_Sigma_1,0.2684022563549557,0.23159984839785389,0.013420627359300852,0.21734973788261414,0.7231285333633423
crypto_student_t_k3_raw,uniform,pi_2,0.4568690951168537,0.20718144603074135,0.14529435336589813,0.4584861546754837,0.7138283729553223
crypto_student_t_k3_raw,uniform,A_22,0.8640143212250301,0.16521287856711234,0.5672379940748214,0.9576942622661591,0.9747455596923829
crypto_student_t_k3_raw,uniform,trace_Sigma_2,0.5268287723405021,0.3426027927717573,0.1525075189769268,0.40434619784355164,1.222104811668396
crypto_student_t_k3_raw,uniform,mu_0_0,-0.00034784872938221917,0.009776908522755695,-0.01589066069573164,-0.00032288854708895087,0.01586789190769195
crypto_student_t_k3_raw,uniform,mu_0_1,0.0008846335202542832,0.008772548662667865,-0.01338888150639832,0.0009167296811938286,0.0149686435703188
crypto_student_t_k3_raw,uniform,mu_0_2,-0.0017449529761714596,0.007851615323341776,-0.013691231980919837,-0.002159306313842535,0.012481569685041903
crypto_student_t_k3_raw,uniform,mu_0_3,0.0010656384680519946,0.00796473157922688,-0.012002060329541564,0.0013122031232342124,0.013861543871462337
crypto_student_t_k3_raw,uniform,mu_0_4,-0.002114840300159163,0.008428922146428455,-0.01615266827866435,-0.0020806584507226944,0.011712949536740777
crypto_student_t_k3_raw,uniform,mu_1_0,-0.09544630844326872,0.3660233093833228,-0.7357197135686875,0.0060692282859236,0.3201171293854713
crypto_student_t_k3_raw,uniform,mu_1_1,0.07739694181505391,0.26519249791895977,-0.3485341042280197,0.013389613945037127,0.4359399452805519
crypto_student_t_k3_raw,uniform,mu_1_2,0.08282071062297161,0.12058635572070982,-0.0734609268605709,0.0337300356477499,0.28852181732654564
crypto_student_t_k3_raw,uniform,mu_1_3,0.006247384301262043,0.08456351817785647,-0.11775623634457588,-0.0044233237858861685,0.14774208664894103
crypto_student_t_k3_raw,uniform,mu_1_4,0.14759567370471943,0.1690530057387469,-0.02627114448696375,0.06601567938923836,0.4455226808786392
crypto_student_t_k3_raw,uniform,mu_2_0,-0.10220087564483817,0.24693509767188015,-0.39300748854875567,-0.16819636523723602,0.3186589777469635
crypto_student_t_k3_raw,uniform,mu_2_1,-0.07900957821685421,0.14990966038057468,-0.36362194269895554,-0.04082203656435013,0.1131696239113807
crypto_student_t_k3_raw,uniform,mu_2_2,0.151596997324211,0.1571721390840034,-0.027432342059910297,0.10405849665403366,0.4685496255755424
crypto_student_t_k3_raw,uniform,mu_2_3,-0.1191695742846267,0.13967617589857217,-0.31517783254384996,-0.12750842422246933,0.15927020609378814
crypto_student_t_k3_raw,uniform,mu_2_4,0.047098657557840595,0.16397846195962018,-0.20152526944875718,0.031229469925165176,0.34172084778547285
crypto_student_t_k3_raw,young_static,nu,3.812027482589086,0.1766058491011342,3.57035551071167,3.765064835548401,4.15692367553711
crypto_student_t_k3_raw,young_static,pi_0,0.25489866370956105,0.06686001974855607,0.13707389831542968,0.24759941548109055,0.36176038533449173
crypto_student_t_k3_raw,young_static,A_00,0.7330202999711036,0.09123142797373131,0.5283885329961777,0.7491973638534546,0.8749999940395353
crypto_student_t_k3_raw,young_static,trace_Sigma_0,0.013207884843771656,0.0023014762461078054,0.009990667551755905,0.012871522456407547,0.017036615218967197
crypto_student_t_k3_raw,young_static,pi_1,0.31454319693148136,0.21087550764762011,0.11433285623788834,0.20281078666448593,0.638338628411293
crypto_student_t_k3_raw,young_static,A_11,0.7202661343415578,0.19070968987625123,0.5032484561204911,0.6048808395862579,0.9734424084424973
crypto_student_t_k3_raw,young_static,trace_Sigma_1,0.3398441538478558,0.26279778087958405,0.013486093422397972,0.3726288676261902,0.74420590698719
crypto_student_t_k3_raw,young_static,pi_2,0.4305581482624014,0.21081059430617644,0.12925098836421967,0.511572539806366,0.6776887863874435
crypto_student_t_k3_raw,young_static,A_22,0.8264264326294263,0.19200626473283466,0.5292013168334961,0.9582093358039856,0.972231513261795
crypto_student_t_k3_raw,young_static,trace_Sigma_2,0.6275327332814534,0.19987349554423428,0.21427567750215532,0.6037045419216156,0.9440249592065811
crypto_student_t_k3_raw,young_static,mu_0_0,0.0014563125816251462,0.011448626739928759,-0.017504966631531716,0.0014285531360656023,0.020320590119808912
crypto_student_t_k3_raw,young_static,mu_0_1,0.000799158486527934,0.011739696880602207,-0.01716556493192911,0.0004037449834868312,0.01956065483391285
crypto_student_t_k3_raw,young_static,mu_0_2,0.000631078141911227,0.01157711794555722,-0.018001846503466368,0.0002457333030179143,0.019263665098696946
crypto_student_t_k3_raw,young_static,mu_0_3,0.0017926122438317786,0.009434500870086343,-0.01334110335446894,0.0016625115531496704,0.016860757116228316
crypto_student_t_k3_raw,young_static,mu_0_4,-0.0005582681755671123,0.011125345143151742,-0.017643941938877104,-0.0011021489626727998,0.016946512553840873
crypto_student_t_k3_raw,young_static,mu_1_0,0.11640385326192093,0.186420444080851,-0.13829464241862297,0.024248178116977215,0.40331948995590206
crypto_student_t_k3_raw,young_static,mu_1_1,-0.05416585056472589,0.11923178355505469,-0.2855303406715393,-0.02218171488493681,0.06839185208082198
crypto_student_t_k3_raw,young_static,mu_1_2,-0.01675464032799937,0.14150186327490025,-0.24308997094631193,-0.008745667990297079,0.28729335367679515
crypto_student_t_k3_raw,young_static,mu_1_3,0.13279067221311075,0.23796382624416584,-0.15974893495440484,0.04940110445022583,0.6372284859418869
crypto_student_t_k3_raw,young_static,mu_1_4,0.022559851714759133,0.14710515238955482,-0.24852879270911216,0.015716930851340294,0.25338155925273886
crypto_student_t_k3_raw,young_static,mu_2_0,0.06675173502376613,0.18110875999765608,-0.17075168192386628,0.036095647141337395,0.40123392045497885
crypto_student_t_k3_raw,young_static,mu_2_1,-0.06203272342177418,0.22788281306142447,-0.3486467272043228,-0.11575078219175339,0.32531608641147614
crypto_student_t_k3_raw,young_static,mu_2_2,0.031143409421589847,0.15308822924264312,-0.2196041502058506,0.024384131655097008,0.303918932378292
crypto_student_t_k3_raw,young_static,mu_2_3,-0.037119735413774224,0.1370575768640025,-0.24782935380935667,-0.04644070006906986,0.1022780768573281
crypto_student_t_k3_raw,young_static,mu_2_4,0.17080232453454908,0.13967956456354852,-0.04176520761102438,0.1568516492843628,0.38894506841897963
crypto_student_t_k3_raw,online_feature,nu,3.7923828836282096,0.1215208968239804,3.6220779061317443,3.7934648990631104,3.971285712718963
crypto_student_t_k3_raw,online_feature,pi_0,0.2504720083872477,0.06125724461470645,0.19308021366596223,0.2298906221985817,0.38747041225433343
crypto_student_t_k3_raw,online_feature,A_00,0.6896602390706539,0.08760407672534273,0.510956135392189,0.7133496999740601,0.7989499777555465
crypto_student_t_k3_raw,online_feature,trace_Sigma_0,0.012343292890582233,0.0028512524582462694,0.008450498292222618,0.011972679290920496,0.01811863863840699
crypto_student_t_k3_raw,online_feature,pi_1,0.3800594534476598,0.18250342183839308,0.15095945969223976,0.3292742967605591,0.6153774887323379
crypto_student_t_k3_raw,online_feature,A_11,0.7662890661259493,0.19642824016773586,0.46317070424556733,0.709198534488678,0.9695497304201126
crypto_student_t_k3_raw,online_feature,trace_Sigma_1,0.3016157526150346,0.2153482812563622,0.013306192634627224,0.306593656539917,0.6283505529165266
crypto_student_t_k3_raw,online_feature,pi_2,0.3694685446967681,0.16866010672875292,0.16032389551401138,0.43856509029865265,0.5802784353494643
crypto_student_t_k3_raw,online_feature,A_22,0.8108737607300281,0.16857418933305937,0.5124734401702881,0.9375514388084412,0.9678317040205002
crypto_student_t_k3_raw,online_feature,trace_Sigma_2,0.5338017384459575,0.17260912393468703,0.2500777617096901,0.5623904466629028,0.8425425738096235
crypto_student_t_k3_raw,online_feature,mu_0_0,0.0006120448266544069,0.010636995317463517,-0.01628843806684017,0.0008735787123441696,0.018109165970236058
crypto_student_t_k3_raw,online_feature,mu_0_1,7.90020145359449e-05,0.01023582223205942,-0.016121186129748822,-0.00013824054622091353,0.016341724339872597
crypto_student_t_k3_raw,online_feature,mu_0_2,-0.0010588966516661457,0.00976385887375051,-0.018017965089529752,-0.000891353003680706,0.014058276731520885
crypto_student_t_k3_raw,online_feature,mu_0_3,-5.9098726827263213e-05,0.009458464918052422,-0.014774806378409265,8.144066669046879e-05,0.015441184677183627
crypto_student_t_k3_raw,online_feature,mu_0_4,-0.0024900147721443017,0.009803899358954428,-0.01837115278467536,-0.0026510371826589108,0.01398585303686558
crypto_student_t_k3_raw,online_feature,mu_1_0,0.06261592260479422,0.09458785626719453,-0.03443781211972236,0.04865860566496849,0.23771831765770896
crypto_student_t_k3_raw,online_feature,mu_1_1,-0.03827758138247494,0.18496119885570625,-0.36940481215715404,-0.005991123616695404,0.22874095663428304
crypto_student_t_k3_raw,online_feature,mu_1_2,-0.05486587408930063,0.0998062724127267,-0.21447469741106034,-0.03381659276783466,0.09159854874014843
crypto_student_t_k3_raw,online_feature,mu_1_3,-0.030184134193114005,0.144164616252827,-0.313414503633976,-0.0029233673121780157,0.1971842572093009
crypto_student_t_k3_raw,online_feature,mu_1_4,-0.0508036177023314,0.13146610174415274,-0.3178209692239761,-0.01175747998058796,0.17162290960550303
crypto_student_t_k3_raw,online_feature,mu_2_0,0.045129287607269364,0.13971550557355178,-0.18073161244392394,0.04345427826046944,0.30310564637184134
crypto_student_t_k3_raw,online_feature,mu_2_1,0.1378193299829339,0.2563680287012417,-0.33831929266452787,0.20475324243307114,0.4525759771466255
crypto_student_t_k3_raw,online_feature,mu_2_2,-0.10476632489803403,0.17852466961536426,-0.4487994581460953,-0.07030519470572472,0.10701809749007217
crypto_student_t_k3_raw,online_feature,mu_2_3,-0.05181433242144825,0.13418616729040606,-0.2543995201587677,-0.0744488425552845,0.22951135784387583
crypto_student_t_k3_raw,online_feature,mu_2_4,-0.03853348879201803,0.2127198761307112,-0.3487451300024986,-0.042157888412475586,0.345657904446125
crypto_gaussian_k2_rollstd,uniform,pi_0,0.5881202731813703,0.026380051879193546,0.5420778065919876,0.5902370810508728,0.6298259764909744
crypto_gaussian_k2_rollstd,uniform,A_00,0.853260971392904,0.009891178222606798,0.8366948187351226,0.8540544211864471,0.8676017194986343
crypto_gaussian_k2_rollstd,uniform,trace_Sigma_0,2.990331424985613,0.4729698798675517,2.3767856121063233,2.9459797143936157,3.693193531036377
crypto_gaussian_k2_rollstd,uniform,mu_0_0,0.010944125328595483,0.034499550246771225,-0.0386621406301856,0.01134342746809125,0.0633698474615812
crypto_gaussian_k2_rollstd,uniform,mu_0_1,-0.0034940118402508754,0.03215035950554274,-0.0498983196914196,-0.00595919624902308,0.05270624887198201
crypto_gaussian_k2_rollstd,uniform,mu_0_2,-0.06256791887738343,0.03838276144218391,-0.12610192149877547,-0.06325238570570946,-0.001899510424118498
crypto_gaussian_k2_rollstd,uniform,mu_0_3,-0.028758424594499437,0.04696054829016261,-0.09792386554181576,-0.02902201935648918,0.06548986621201038
crypto_gaussian_k2_rollstd,uniform,mu_0_4,-0.03758533045267021,0.04103719078388543,-0.10073587000370025,-0.035770710557699203,0.02584564760327338
crypto_gaussian_k2_rollstd,uniform,pi_1,0.4118797310761043,0.026380053302100307,0.3701739951968193,0.4097629338502884,0.4579221963882446
crypto_gaussian_k2_rollstd,uniform,A_11,0.7894898576395852,0.022399525167145242,0.7602597415447235,0.7849484086036682,0.8319291442632675
crypto_gaussian_k2_rollstd,uniform,trace_Sigma_1,7.637571678842817,0.2869916288721007,7.14895088672638,7.6650941371917725,8.09579839706421
crypto_gaussian_k2_rollstd,uniform,mu_1_0,-0.04982279255803276,0.06641742048655268,-0.17641328349709512,-0.04108070954680443,0.05238979607820509
crypto_gaussian_k2_rollstd,uniform,mu_1_1,0.02876070130982303,0.05640722181957756,-0.05706407111138105,0.036408135667443275,0.12206258848309513
crypto_gaussian_k2_rollstd,uniform,mu_1_2,0.08912480031140149,0.1190012282445589,-0.08916370272636413,0.06038340926170349,0.30507073402404744
crypto_gaussian_k2_rollstd,uniform,mu_1_3,0.09749453730182722,0.06267774473919904,-0.04515620488673448,0.11130865290760994,0.16863468885421742
crypto_gaussian_k2_rollstd,uniform,mu_1_4,0.13543030330246048,0.0818903691198747,-0.025223476532846685,0.14361665397882462,0.2612473964691162
crypto_gaussian_k2_rollstd,young_static,pi_0,0.6042163095303944,0.029671366174098854,0.5555281221866608,0.603554904460907,0.6452444881200791
crypto_gaussian_k2_rollstd,young_static,A_00,0.8368612685373851,0.015789905487984153,0.8145097255706787,0.834403783082962,0.8640156090259552
crypto_gaussian_k2_rollstd,young_static,trace_Sigma_0,2.7150330867086137,0.20067470767465898,2.414754605293274,2.7029356956481934,3.0730488181114195
crypto_gaussian_k2_rollstd,young_static,mu_0_0,0.021703630190209617,0.052041302465880235,-0.06400812678039074,0.02643738128244877,0.09553803279995918
crypto_gaussian_k2_rollstd,young_static,mu_0_1,-0.0077322045723641555,0.08846022201606865,-0.10566850602626801,-0.03495568968355656,0.1737586595118045
crypto_gaussian_k2_rollstd,young_static,mu_0_2,-0.0895619485232081,0.05153563977383231,-0.17886335477232934,-0.08321928977966309,-0.008845167513936776
crypto_gaussian_k2_rollstd,young_static,mu_0_3,-0.03608638453131009,0.054815645472466513,-0.11155293919146061,-0.042078129947185516,0.06412675529718398
crypto_gaussian_k2_rollstd,young_static,mu_0_4,-0.05448767067199307,0.04604010855823388,-0.13219452053308486,-0.05324166268110275,0.029898032080382102
crypto_gaussian_k2_rollstd,young_static,pi_1,0.39578370324202944,0.029671366066805455,0.35475551187992094,0.3964451402425766,0.44447190761566147
crypto_gaussian_k2_rollstd,young_static,A_11,0.7510659737246377,0.018333429586135108,0.7207095861434937,0.7509287595748901,0.7846200108528137
crypto_gaussian_k2_rollstd,young_static,trace_Sigma_1,8.224127016748701,0.4367973036457036,7.6182358980178835,8.142752170562744,8.893585157394408
crypto_gaussian_k2_rollstd,young_static,mu_1_0,-0.10133692467352376,0.07715748810339962,-0.22564839646220208,-0.10942184180021286,0.0424782482907175
crypto_gaussian_k2_rollstd,young_static,mu_1_1,-0.06832630702452401,0.061848665576593784,-0.1563400812447071,-0.06632302701473236,0.031040725670754537
crypto_gaussian_k2_rollstd,young_static,mu_1_2,0.0274958168089922,0.07799248737239402,-0.12282899282872677,0.030816657468676567,0.1490127310156822
crypto_gaussian_k2_rollstd,young_static,mu_1_3,0.0878818251724754,0.058013156509916675,0.008168610045686364,0.0813143439590931,0.19132775515317915
crypto_gaussian_k2_rollstd,young_static,mu_1_4,-0.05739715561004621,0.04505675191153326,-0.12202529609203339,-0.059471435844898224,0.01439413190819314
crypto_gaussian_k2_rollstd,online_feature,pi_0,0.5656680230583463,0.042418666269827224,0.5024823784828186,0.5605336427688599,0.6321120262145995
crypto_gaussian_k2_rollstd,online_feature,A_00,0.8227570887122836,0.02069419527401011,0.7928952127695084,0.828129231929779,0.8514065474271775
crypto_gaussian_k2_rollstd,online_feature,trace_Sigma_0,2.7022750411714824,0.16783006119722158,2.476933169364929,2.665489673614502,3.056897282600403
crypto_gaussian_k2_rollstd,online_feature,mu_0_0,0.013599737121590546,0.0823100097029917,-0.14779842644929886,0.04227721132338047,0.11340044178068637
crypto_gaussian_k2_rollstd,online_feature,mu_0_1,-0.004360802321129346,0.07959208355441073,-0.14191441759467124,0.014482897706329823,0.10694583691656587
crypto_gaussian_k2_rollstd,online_feature,mu_0_2,-0.04773584040314225,0.06927449618840574,-0.176859100908041,-0.024295487441122532,0.0378097565844655
crypto_gaussian_k2_rollstd,online_feature,mu_0_3,-0.012963777349796146,0.10176627662665097,-0.20064003467559816,-0.004305270267650485,0.12215892970561977
crypto_gaussian_k2_rollstd,online_feature,mu_0_4,-0.06314742561496262,0.08376845798064339,-0.19284861013293267,-0.07360830530524254,0.06352351568639274
crypto_gaussian_k2_rollstd,online_feature,pi_1,0.43433198694671904,0.04241866631348266,0.36788797527551653,0.43946632742881775,0.49751767665147784
crypto_gaussian_k2_rollstd,online_feature,A_11,0.7692934823887688,0.021093944384100213,0.7321931898593903,0.7699571549892426,0.8059114277362823
crypto_gaussian_k2_rollstd,online_feature,trace_Sigma_1,8.123968155043466,0.5098057635836378,7.275799679756164,8.130002975463867,8.983561420440674
crypto_gaussian_k2_rollstd,online_feature,mu_1_0,0.017690529660987,0.07227381939623909,-0.09315523840487003,0.01582929026335478,0.14117455407977092
crypto_gaussian_k2_rollstd,online_feature,mu_1_1,0.041388988044179446,0.0791365936578433,-0.09902615025639534,0.04573933966457844,0.1540424734354019
crypto_gaussian_k2_rollstd,online_feature,mu_1_2,0.09441722566927117,0.08710198203042209,-0.048556612245738505,0.08343538269400597,0.23767696544527994
crypto_gaussian_k2_rollstd,online_feature,mu_1_3,0.08042992217233405,0.1334022318135074,-0.07616945244371891,0.03161879535764456,0.3390382736921309
crypto_gaussian_k2_rollstd,online_feature,mu_1_4,0.0522370762873574,0.05889690194355174,-0.03684815745800733,0.04763270355761051,0.14438783153891557
crypto_btc_eth_gaussian_k2_fullcov,uniform,pi_0,0.48297169783285687,0.029463221513883784,0.4299130454659462,0.48727285861968994,0.5226842284202575
crypto_btc_eth_gaussian_k2_fullcov,uniform,A_00,0.7604185772793634,0.014445030513994655,0.7350102186203002,0.7604607343673706,0.7832672357559204
crypto_btc_eth_gaussian_k2_fullcov,uniform,trace_Sigma_0,0.6967991228614535,0.09852323287821876,0.5462883144617081,0.698643833398819,0.8475608855485915
crypto_btc_eth_gaussian_k2_fullcov,uniform,mu_0_0,-0.011992176142354895,0.028195880332834513,-0.06085650473833084,-0.009691768791526556,0.03110874546691765
crypto_btc_eth_gaussian_k2_fullcov,uniform,mu_0_1,-0.03129310903106151,0.026720501958877114,-0.07173706479370594,-0.03463364392518997,0.019321894086897346
crypto_btc_eth_gaussian_k2_fullcov,uniform,pi_1,0.5170283130237034,0.029463219482563873,0.4773157984018326,0.5127271413803101,0.5700869560241699
crypto_btc_eth_gaussian_k2_fullcov,uniform,A_11,0.7755462510245187,0.021978045479614496,0.7468031257390976,0.7712595164775848,0.8185681641101837
crypto_btc_eth_gaussian_k2_fullcov,uniform,trace_Sigma_1,3.133040348121098,0.16653159730963593,2.8695260167121885,3.1079673767089844,3.3909389734268185
crypto_btc_eth_gaussian_k2_fullcov,uniform,mu_1_0,0.022530390847740427,0.04404878008279646,-0.042905598692595956,0.014949183911085129,0.09996701069176192
crypto_btc_eth_gaussian_k2_fullcov,uniform,mu_1_1,0.056443794088305105,0.05060702064004103,-0.028867864049971104,0.060192208737134933,0.1461037971079349
crypto_btc_eth_gaussian_k2_fullcov,young_static,pi_0,0.5027173757553101,0.02720970190578507,0.4610364317893982,0.49767565727233887,0.5441646605730056
crypto_btc_eth_gaussian_k2_fullcov,young_static,A_00,0.7411042766911643,0.022272897450160083,0.7105485409498214,0.7358455061912537,0.779418534040451
crypto_btc_eth_gaussian_k2_fullcov,young_static,trace_Sigma_0,0.6887814751693181,0.1220948787479316,0.5386762499809266,0.6612331569194794,0.9729178994894025
crypto_btc_eth_gaussian_k2_fullcov,young_static,mu_0_0,-0.016143641289922277,0.0661583472537429,-0.12704147920012474,0.004170599626377225,0.07441013939678669
crypto_btc_eth_gaussian_k2_fullcov,young_static,mu_0_1,-0.031120300998112985,0.05870684295789983,-0.1265809141099453,-0.025125646963715553,0.05144571326673019
crypto_btc_eth_gaussian_k2_fullcov,young_static,pi_1,0.49728263424975533,0.02720970255158532,0.4558353126049042,0.5023243427276611,0.5389635711908338
crypto_btc_eth_gaussian_k2_fullcov,young_static,A_11,0.7386730368648257,0.0175694789000703,0.70659798681736,0.7417818307876587,0.7666453510522843
crypto_btc_eth_gaussian_k2_fullcov,young_static,trace_Sigma_1,3.023444049698966,0.33262397293300777,2.639767789840698,2.9241520166397095,3.629690968990326
crypto_btc_eth_gaussian_k2_fullcov,young_static,mu_1_0,-0.0073324092331209356,0.032370942667139246,-0.057680439203977585,-0.010235936846584082,0.04641353245824563
crypto_btc_eth_gaussian_k2_fullcov,young_static,mu_1_1,0.035178271802474875,0.06576589796312096,-0.0717016313225031,0.0399966798722744,0.12869153395295138
crypto_btc_eth_gaussian_k2_fullcov,online_feature,pi_0,0.47598953736679894,0.04073054142298374,0.40627540796995165,0.4719170182943344,0.5402387738227844
crypto_btc_eth_gaussian_k2_fullcov,online_feature,A_00,0.726621577995164,0.026466282368887883,0.6850065410137176,0.7373009920120239,0.7630657523870468
crypto_btc_eth_gaussian_k2_fullcov,online_feature,trace_Sigma_0,0.7161107233592442,0.13303296426686864,0.5048664659261703,0.7106616497039795,0.9210113197565079
crypto_btc_eth_gaussian_k2_fullcov,online_feature,mu_0_0,-0.023901495325844735,0.0678471183211431,-0.12237134166061878,-0.02274688333272934,0.09261087626218782
crypto_btc_eth_gaussian_k2_fullcov,online_feature,mu_0_1,-0.03780244892446457,0.07097456199679278,-0.15871409550309182,-0.03961460292339325,0.08458193577826018
crypto_btc_eth_gaussian_k2_fullcov,online_feature,pi_1,0.5240104713610241,0.04073054241746681,0.45976122468709946,0.5280829668045044,0.5937245935201645
crypto_btc_eth_gaussian_k2_fullcov,online_feature,A_11,0.7517002544232777,0.025256307607348795,0.7083548307418823,0.751446932554245,0.7986901611089706
crypto_btc_eth_gaussian_k2_fullcov,online_feature,trace_Sigma_1,3.1704526458467757,0.37361842937689516,2.7433488845825194,3.0534000396728516,3.8145123720169063
crypto_btc_eth_gaussian_k2_fullcov,online_feature,mu_1_0,-0.007214123455508213,0.07421954402519672,-0.12946235612034798,-0.008871775586158037,0.10260138101875775
crypto_btc_eth_gaussian_k2_fullcov,online_feature,mu_1_1,0.04743551114557444,0.05574086557965431,-0.024991231504827738,0.03585983067750931,0.15241555199027063
simulated_gaussian_k2_fullcov,uniform,pi_0,0.7552071127626631,0.036630393867025275,0.6851491153240203,0.7619922459125519,0.7996153682470322
simulated_gaussian_k2_fullcov,uniform,A_00,0.9208040225836965,0.007515217470623608,0.9088908761739731,0.9198448061943054,0.9358900994062423
simulated_gaussian_k2_fullcov,uniform,trace_Sigma_0,0.262085102374355,0.02431016480093631,0.22031850963830948,0.2631433308124542,0.3011989936232567
simulated_gaussian_k2_fullcov,uniform,mu_0_0,0.13234262802741595,0.02579685165116956,0.08545072264969349,0.1334366574883461,0.1736816130578518
simulated_gaussian_k2_fullcov,uniform,mu_0_1,0.05997066271989348,0.02239429674221537,0.022114370483905074,0.05945183150470257,0.09803769662976265
simulated_gaussian_k2_fullcov,uniform,pi_1,0.24479289423260425,0.036630394434448627,0.20038460344076156,0.23800776153802872,0.31485088616609574
simulated_gaussian_k2_fullcov,uniform,A_11,0.7520825443996324,0.03429838247571942,0.7052046030759811,0.7463361620903015,0.8050705909729003
simulated_gaussian_k2_fullcov,uniform,trace_Sigma_1,1.1087618043025336,0.104456159696422,0.9607299745082856,1.0913631319999695,1.29164679646492
simulated_gaussian_k2_fullcov,uniform,mu_1_0,-0.32533410129447776,0.05906237095250487,-0.41335451006889345,-0.33109064400196075,-0.21149780750274655
simulated_gaussian_k2_fullcov,uniform,mu_1_1,-0.1276967609133054,0.06730643251613816,-0.23163901790976524,-0.1280868723988533,-0.02307926388457416
simulated_gaussian_k2_fullcov,young_static,pi_0,0.7602821282214589,0.027170800564504778,0.7160033702850341,0.7603434324264526,0.796406489610672
simulated_gaussian_k2_fullcov,young_static,A_00,0.9103357523679734,0.010235416649431527,0.8964823603630065,0.9083223640918732,0.92659130692482
simulated_gaussian_k2_fullcov,young_static,trace_Sigma_0,0.2907349617944823,0.01692789489665074,0.26615573465824127,0.28842003643512726,0.32453307807445525
simulated_gaussian_k2_fullcov,young_static,mu_0_0,0.13362320903688668,0.03448343054258463,0.08074633590877056,0.12989633530378342,0.19679003730416297
simulated_gaussian_k2_fullcov,young_static,mu_0_1,0.056441653625936145,0.03187084829490598,-0.0074993294198066,0.05757059529423714,0.10666631981730461
simulated_gaussian_k2_fullcov,young_static,pi_1,0.23971787844267156,0.027170801991392893,0.2035934828221798,0.23965657502412796,0.2839965999126434
simulated_gaussian_k2_fullcov,young_static,A_11,0.7153621200058196,0.017450011974222124,0.6850646913051606,0.7169052362442017,0.7448796033859253
simulated_gaussian_k2_fullcov,young_static,trace_Sigma_1,1.0473548649085893,0.17416632944826796,0.8009660542011261,1.0529009103775024,1.3569962441921235
simulated_gaussian_k2_fullcov,young_static,mu_1_0,-0.30353337811927,0.06555772999756475,-0.40686008185148237,-0.3013077676296234,-0.19573024362325667
simulated_gaussian_k2_fullcov,young_static,mu_1_1,-0.11201178156900116,0.04793305287089444,-0.17801162451505662,-0.12135374918580055,-0.00796276933979242
simulated_gaussian_k2_fullcov,online_feature,pi_0,0.7382840890023443,0.03166199436855448,0.6847732126712799,0.7513751983642578,0.7766757160425186
simulated_gaussian_k2_fullcov,online_feature,A_00,0.9040716288818254,0.00803206147688941,0.8902875632047653,0.9043206870555878,0.9151193737983704
simulated_gaussian_k2_fullcov,online_feature,trace_Sigma_0,0.26467958055436613,0.03336814607697486,0.2137993574142456,0.268110454082489,0.3289800941944122
simulated_gaussian_k2_fullcov,online_feature,mu_0_0,0.14396592867043284,0.042605535401720865,0.07658004201948643,0.145551897585392,0.20965812131762504
simulated_gaussian_k2_fullcov,online_feature,mu_0_1,0.06737634410189154,0.02809586551619337,0.018078173510730267,0.06897890567779541,0.10886400602757931
simulated_gaussian_k2_fullcov,online_feature,pi_1,0.26171591675115957,0.03166199627052862,0.22332432493567467,0.24862484633922577,0.3152267590165138
simulated_gaussian_k2_fullcov,online_feature,A_11,0.7270679871241251,0.029349052706104925,0.6809405237436295,0.7300907969474792,0.7760260879993439
simulated_gaussian_k2_fullcov,online_feature,trace_Sigma_1,1.1152928289439943,0.15063840324021083,0.9096769273281098,1.13753342628479,1.400641632080078
simulated_gaussian_k2_fullcov,online_feature,mu_1_0,-0.2983483521060811,0.1290569149504023,-0.5614111602306366,-0.26715728640556335,-0.13043535575270654
simulated_gaussian_k2_fullcov,online_feature,mu_1_1,-0.13926132038791872,0.08002006566572692,-0.26437672078609464,-0.11573519557714462,-0.02779735038056969
simulated_gaussian_k2_univariate,uniform,pi_0,0.6588637914169918,0.049974567474984,0.5738707423210144,0.668656200170517,0.7237583577632902
simulated_gaussian_k2_univariate,uniform,A_00,0.9655209916559133,0.003994789305224372,0.959918200969696,0.9649229645729065,0.9723265677690506
simulated_gaussian_k2_univariate,uniform,trace_Sigma_0,0.116621072945947,0.008949565932073253,0.1017854742705822,0.11696774885058403,0.1323126308619976
simulated_gaussian_k2_univariate,uniform,mu_0_0,0.03384167547291409,0.021557339075276724,-0.005012964643537997,0.03533763624727726,0.06646789908409116
simulated_gaussian_k2_univariate,uniform,pi_1,0.3411362152207981,0.049974566847898444,0.276241697371006,0.3313438296318054,0.4261292591691017
simulated_gaussian_k2_univariate,uniform,A_11,0.9326578331264582,0.009684538787910622,0.9188340425491333,0.9314483106136322,0.9472554832696914
simulated_gaussian_k2_univariate,uniform,trace_Sigma_1,1.2799890659072182,0.08296646617063472,1.1611705899238587,1.2661995887756348,1.4350579798221583
simulated_gaussian_k2_univariate,uniform,mu_1_0,-0.4228074762631546,0.09189525336551735,-0.5723552912473678,-0.4213255047798157,-0.2748610049486161
simulated_gaussian_k2_univariate,young_static,pi_0,0.6616445976224813,0.03189985467948758,0.604906439781189,0.6642744839191437,0.7033654481172561
simulated_gaussian_k2_univariate,young_static,A_00,0.9613033045421947,0.003805594410615585,0.956202307343483,0.9605014026165009,0.9676972419023514
simulated_gaussian_k2_univariate,young_static,trace_Sigma_0,0.11628270081498406,0.008245343115008895,0.10339448712766171,0.11565512418746948,0.1319661296904087
simulated_gaussian_k2_univariate,young_static,mu_0_0,0.002731976336905394,0.0328936318259285,-0.044788992218673225,-0.0002498246030882001,0.05533687546849239
simulated_gaussian_k2_univariate,young_static,pi_1,0.33835541152141313,0.03189985601011655,0.29663455337285993,0.33572550117969513,0.3950935617089272
simulated_gaussian_k2_univariate,young_static,A_11,0.9242757561531934,0.005334281726965568,0.915037652850151,0.9241671562194824,0.9333200365304947
simulated_gaussian_k2_univariate,young_static,trace_Sigma_1,1.2542348544705997,0.06050225510929934,1.1659671306610107,1.2551968693733215,1.3491662085056304
simulated_gaussian_k2_univariate,young_static,mu_1_0,-0.4320890717885711,0.04786439088967642,-0.5057043254375457,-0.42920057475566864,-0.34369296580553055
simulated_gaussian_k2_univariate,online_feature,pi_0,0.6360197991132737,0.032548011011469494,0.5814636647701263,0.6435476541519165,0.6772898465394974
simulated_gaussian_k2_univariate,online_feature,A_00,0.9585901486602697,0.003526063361667741,0.9526533097028732,0.9583932757377625,0.9638113260269165
simulated_gaussian_k2_univariate,online_feature,trace_Sigma_0,0.11272242756729776,0.007964827491032056,0.09962146282196045,0.11287669092416763,0.1260550856590271
simulated_gaussian_k2_univariate,online_feature,mu_0_0,0.03524439150390787,0.023895933054403164,-0.0022711724857799698,0.03565836697816849,0.07448905706405637
simulated_gaussian_k2_univariate,online_feature,pi_1,0.36398021219806237,0.03254800857854031,0.322710183262825,0.3564523458480835,0.4185363635420799
simulated_gaussian_k2_univariate,online_feature,A_11,0.927328919145194,0.007467392735926651,0.9150441378355026,0.9283921420574188,0.9393589347600937
simulated_gaussian_k2_univariate,online_feature,trace_Sigma_1,1.2219344770366496,0.09675127435792578,1.050177425146103,1.2337403297424316,1.370264571905136
simulated_gaussian_k2_univariate,online_feature,mu_1_0,-0.3427082650702108,0.04645175364395887,-0.4146206095814705,-0.3466946631669998,-0.25069868043065074
