round,end_block,epoch,method,relative_rmse,top_decile_mass
0,80,0,uniform,0.5458875592026015,0.1
0,80,0,static_tass,0.07942571772201142,0.47305508811632024
0,80,0,online,0.08630878658643405,0.47305508811632024
0,80,0,oracle,0.06517848198053325,0.5061259043636696
1,81,0,uniform,0.485350426126461,0.1
1,81,0,static_tass,0.08762744787804472,0.47903204133036686
1,81,0,online,0.08938514058201869,0.4802344271574792
1,81,0,oracle,0.056978406757277236,0.5118651548503662
2,82,0,uniform,0.5460960510962591,0.1
2,82,0,static_tass,0.08071698009956121,0.480994300549928
2,82,0,online,0.08423647527078437,0.48420814215459096
2,82,0,oracle,0.05941600457489716,0.5135471524213187
3,83,0,uniform,0.4895160142482694,0.1
3,83,0,static_tass,0.09068803324809692,0.4836338586499277
3,83,0,online,0.07615070010774512,0.48817423662970816
3,83,0,oracle,0.07167500555870102,0.5162493965989392
4,84,0,uniform,0.4832301988636756,0.1
4,84,0,static_tass,0.08451202218160989,0.4876896992438893
4,84,0,online,0.07931125370546559,0.49376553653466937
4,84,0,oracle,0.05989051390453379,0.5210066341765862
5,85,0,uniform,0.5957853425784198,0.1
5,85,0,static_tass,0.07337739564724494,0.4837788536322764
5,85,0,online,0.0705083272861204,0.4910086240225978
5,85,0,oracle,0.07045821720097899,0.5162031906355106
6,86,0,uniform,0.5825312676799622,0.1
6,86,0,static_tass,0.08559626592100064,0.48285892019705023
6,86,0,online,0.06952728036263102,0.48894920887356186
6,86,0,oracle,0.0726054202115904,0.5142541894831549
7,87,0,uniform,0.5069210927215255,0.1
7,87,0,static_tass,0.07368443169836335,0.4804969376395818
7,87,0,online,0.07613836216346694,0.4869527269333195
7,87,0,oracle,0.06423086966728143,0.5114994474471461
8,88,0,uniform,0.5270420929047688,0.1
8,88,0,static_tass,0.08065103701729304,0.46926710007986905
8,88,0,online,0.08353802844218784,0.47644890363507036
8,88,0,oracle,0.058256291564128114,0.5026297943402731
9,89,0,uniform,0.9350255939201788,0.1
9,89,0,static_tass,0.08013234667105604,0.6207556675286962
9,89,0,online,0.08747231869949663,0.6266616105795175
9,89,0,oracle,0.06927055049061027,0.6517403622491351
10,90,0,uniform,1.015525390939619,0.1
10,90,0,static_tass,0.07707762308158825,0.7064597231757967
10,90,0,online,0.0917614726985145,0.7187476295328059
10,90,0,oracle,0.06863149796520623,0.7194352347723745
11,91,0,uniform,1.3451936667778428,0.1
11,91,0,static_tass,0.08539011856362665,0.6988330978322636
11,91,0,online,0.08210336336554981,0.7086114610144946
11,91,0,oracle,0.055322296800584495,0.7105080486634995
12,92,0,uniform,0.9944395498991274,0.1
12,92,0,static_tass,0.0878890851418898,0.6979793701666629
12,92,0,online,0.0828821466687828,0.7091679251080136
12,92,0,oracle,0.06817308917907222,0.7060729187320912
13,93,0,uniform,1.1787147462100833,0.1
13,93,0,static_tass,0.07930463274295002,0.7023476200965104
13,93,0,online,0.08348753065456073,0.7132192468660169
13,93,0,oracle,0.06387159537717887,0.7108242795062905
14,94,0,uniform,1.0694535536706153,0.1
14,94,0,static_tass,0.08342614511310009,0.6898350466742593
14,94,0,online,0.08370599547405541,0.7014682071822307
14,94,0,oracle,0.0634239955735241,0.6925922686158659
15,95,0,uniform,1.0444627185374769,0.1
15,95,0,static_tass,0.08389934559079322,0.6897828340318485
15,95,0,online,0.07350131847526616,0.7016868890900465
15,95,0,oracle,0.06896242692586367,0.6925506149037355
16,96,0,uniform,1.3169530420541171,0.1
16,96,0,static_tass,0.08124511821229838,0.6902520333936963
16,96,0,online,0.07743665442237696,0.6989582146742106
16,96,0,oracle,0.06305845597893542,0.6929083230048118
17,97,0,uniform,1.035773129740492,0.1
17,97,0,static_tass,0.08334974384023718,0.6912226854728589
17,97,0,online,0.07994787034117792,0.6984067145869679
17,97,0,oracle,0.06993797050482307,0.693769826135443
18,98,0,uniform,0.8747077966270542,0.1
18,98,0,static_tass,0.08173897242320713,0.6928993170871642
18,98,0,online,0.07613214716655363,0.7004502173982922
18,98,0,oracle,0.06334186644725369,0.695245104964658
19,99,0,uniform,1.2174064198048253,0.1
19,99,0,static_tass,0.07405363829156707,0.691807498308475
19,99,0,online,0.0827455496749768,0.701660002220946
19,99,0,oracle,0.061894245681504395,0.6945044467713595
20,100,0,uniform,1.0563297054782785,0.1
20,100,0,static_tass,0.08310654362226427,0.6915749158545925
20,100,0,online,0.06542669620297885,0.6991989928762856
20,100,0,oracle,0.08615411905153193,0.6943854118982156
21,101,0,uniform,0.97606185091303,0.1
21,101,0,static_tass,0.07822821180759877,0.6902074570606282
21,101,0,online,0.07763368951028735,0.6987498542641026
21,101,0,oracle,0.06766049676833262,0.6923837825715538
22,102,0,uniform,0.9689882528138651,0.1
22,102,0,static_tass,0.08987594806221968,0.6925771610609077
22,102,0,online,0.08179990615802989,0.6994958579763662
22,102,0,oracle,0.08322611878322103,0.6944533004969767
23,103,0,uniform,0.8357479362745563,0.1
23,103,0,static_tass,0.09325380993580115,0.7022292453429908
23,103,0,online,0.093288561563501,0.7111409636698974
23,103,0,oracle,0.062219632191977355,0.7078858419389175
24,104,0,uniform,0.9936610451707235,0.1
24,104,0,static_tass,0.10284634074601033,0.7069495666631679
24,104,0,online,0.07771683808256191,0.7150699017878912
24,104,0,oracle,0.07295479292437317,0.7125214445224882
25,105,0,uniform,1.331785374951907,0.1
25,105,0,static_tass,0.07625366209985865,0.7103109719193174
25,105,0,online,0.08038899454428988,0.719373423758583
25,105,0,oracle,0.07915782495721235,0.7153134217580699
26,106,0,uniform,1.3069900687501304,0.1
26,106,0,static_tass,0.08903727904245465,0.7107217719396512
26,106,0,online,0.08683753332193188,0.7225181850376284
26,106,0,oracle,0.06265686322119154,0.7157126319325496
27,107,0,uniform,1.0268997168266414,0.1
27,107,0,static_tass,0.07816044288206372,0.7114750523330797
27,107,0,online,0.07263180450653683,0.7170932438662937
27,107,0,oracle,0.0759592261140271,0.7162735353753368
28,108,0,uniform,1.1307635420378839,0.1
28,108,0,static_tass,0.08813462217981112,0.7118278306718389
28,108,0,online,0.08461012671507685,0.7186115163877979
28,108,0,oracle,0.07561188683109347,0.7166351955465478
29,109,0,uniform,1.1539193612880916,0.1
29,109,0,static_tass,0.08109523294991033,0.714319609651944
29,109,0,online,0.0830120631583967,0.7225112484449167
29,109,0,oracle,0.07216552448386881,0.7189789116808635
30,110,0,uniform,1.1753629483066677,0.1
30,110,0,static_tass,0.0861467484943806,0.7159165460585791
30,110,0,online,0.07714031103697161,0.7227473883863929
30,110,0,oracle,0.07164109647439462,0.720534542265965
31,111,0,uniform,1.0015690055368607,0.1
31,111,0,static_tass,0.07459418853987573,0.7164921954865707
31,111,0,online,0.09064096017205361,0.7253423406606847
31,111,0,oracle,0.0653944898566966,0.721043054578043
32,112,0,uniform,1.0400295395309238,0.1
32,112,0,static_tass,0.08042271046326546,0.7185674577743758
32,112,0,online,0.08259077279809539,0.7260029992291865
32,112,0,oracle,0.0709376682284826,0.7230735809365969
33,113,0,uniform,1.121701891598143,0.1
33,113,0,static_tass,0.09054294778858699,0.719691883091648
33,113,0,online,0.07509631561304517,0.7275812576042595
33,113,0,oracle,0.07322283587214302,0.7238097542260744
34,114,0,uniform,1.0795698439228263,0.1
34,114,0,static_tass,0.07706161249720592,0.7197496294319369
34,114,0,online,0.08128078352160471,0.7276851725960429
34,114,0,oracle,0.07781792034189695,0.7238720342750083
35,115,0,uniform,0.9963317737389722,0.1
35,115,0,static_tass,0.10698023509188247,0.7194698357630795
35,115,0,online,0.09699813781709093,0.7283598355105567
35,115,0,oracle,0.07262949868281465,0.7236053152084325
36,116,0,uniform,0.9805662888207425,0.1
36,116,0,static_tass,0.07749383235868271,0.7192131686400624
36,116,0,online,0.08674502070314538,0.7285804876604735
36,116,0,oracle,0.08715881229122958,0.7233720869554017
37,117,0,uniform,0.9912971817085131,0.1
37,117,0,static_tass,0.08601833358662515,0.7191877431925371
37,117,0,online,0.08016587134790655,0.7299893799248851
37,117,0,oracle,0.07048479415032884,0.7233475840620203
38,118,0,uniform,0.9720484505350876,0.1
38,118,0,static_tass,0.08151413474870317,0.719441011534593
38,118,0,online,0.08890007088381757,0.7294185504175652
38,118,0,oracle,0.06803722664943834,0.7235632271463726
39,119,0,uniform,1.3287830580411053,0.1
39,119,0,static_tass,0.09128883888979437,0.7197988976114433
39,119,0,online,0.0887176163536781,0.727311155951631
39,119,0,oracle,0.06068033893079496,0.7238805123495748
40,120,0,uniform,1.2818649797636417,0.1
40,120,0,static_tass,0.0738769235104386,0.7201562676793579
40,120,0,online,0.08366161183925792,0.7248992241355035
40,120,0,oracle,0.07377824718156899,0.7239846923174683
41,121,0,uniform,1.1185957242798636,0.1
41,121,0,static_tass,0.0933790377481338,0.722386649105292
41,121,0,online,0.0894300889104755,0.727452332191304
41,121,0,oracle,0.06740076925616542,0.7260266336967202
42,122,0,uniform,1.1676579384485486,0.1
42,122,0,static_tass,0.09519772180770535,0.7307985406393931
42,122,0,online,0.087205658699666,0.7351876238243351
42,122,0,oracle,0.09280408280717552,0.735322896974899
43,123,0,uniform,1.1337100916253278,0.1
43,123,0,static_tass,0.07652403612958672,0.7355147816517432
43,123,0,online,0.08046952516552237,0.7398001794996866
43,123,0,oracle,0.06468466780040168,0.7389986142116238
44,124,0,uniform,1.161710443715938,0.1
44,124,0,static_tass,0.08026394017408586,0.7442961562554391
44,124,0,online,0.10313289431631471,0.7516094327725797
44,124,0,oracle,0.07648078753364082,0.7522521015547805
45,125,0,uniform,1.0503969158912796,0.1
45,125,0,static_tass,0.10169355464623613,0.747244972957336
45,125,0,online,0.09029673930570804,0.7510267252031332
45,125,0,oracle,0.07638760792180166,0.755471022510412
46,126,0,uniform,1.1842870426005745,0.1
46,126,0,static_tass,0.07856370550835226,0.7403104512722589
46,126,0,online,0.08975776748116575,0.7454506824291589
46,126,0,oracle,0.0710426708425992,0.7504585953411627
47,127,0,uniform,1.1505042557450622,0.1
47,127,0,static_tass,0.0827374162660858,0.7271819655716958
47,127,0,online,0.10198834543959277,0.7311988233050862
47,127,0,oracle,0.07744827388557812,0.7364099232978492
48,128,0,uniform,1.1670171126076248,0.1
48,128,0,static_tass,0.08699320872750792,0.7177822189040854
48,128,0,online,0.08145536992441822,0.7225612847677784
48,128,0,oracle,0.07682519064132351,0.7249737156936883
49,129,0,uniform,1.14123568857654,0.1
49,129,0,static_tass,0.10241473532447876,0.7095411221398974
49,129,0,online,0.0826363845409143,0.7167025940337912
49,129,0,oracle,0.09094887055266576,0.7151777597131457
50,130,0,uniform,1.1408419178336016,0.1
50,130,0,static_tass,0.08354009438759599,0.7044391484286335
50,130,0,online,0.10367695443335803,0.7100515060699988
50,130,0,oracle,0.08750666694859321,0.7062633429362792
51,131,0,uniform,1.0903074579209668,0.1
51,131,0,static_tass,0.07359483233616367,0.7108867674500043
51,131,0,online,0.0978978743404794,0.7148944971024059
51,131,0,oracle,0.06694307872119998,0.7082417369617706
52,132,0,uniform,0.9407463595387727,0.1
52,132,0,static_tass,0.08116401602688574,0.6990629062064948
52,132,0,online,0.09950576805743748,0.7028314090281574
52,132,0,oracle,0.08609379911184391,0.6940246898538236
53,133,0,uniform,0.9462899316020087,0.1
53,133,0,static_tass,0.08070740611938744,0.6784937512404943
53,133,0,online,0.09291933207071697,0.6855717140421838
53,133,0,oracle,0.0760876192854205,0.6741286788381368
54,134,0,uniform,0.9275846188339106,0.1
54,134,0,static_tass,0.08486367646102334,0.6773642295611526
54,134,0,online,0.07815043014121989,0.6840073567037901
54,134,0,oracle,0.07214115115358398,0.6732620955881248
55,135,0,uniform,0.9502562459408826,0.1
55,135,0,static_tass,0.08751169788945172,0.6752831428416626
55,135,0,online,0.09863813301266258,0.6840990728612713
55,135,0,oracle,0.08315378716684269,0.6713143805646155
56,136,0,uniform,0.8264434350275305,0.1
56,136,0,static_tass,0.08293533369883313,0.6633930822461245
56,136,0,online,0.08942884787642386,0.6727362638500417
56,136,0,oracle,0.06484873438672765,0.6576429485216797
57,137,0,uniform,0.8362834357526935,0.1
57,137,0,static_tass,0.07746573210736375,0.6447131160082502
57,137,0,online,0.08097590571014124,0.6587782766497834
57,137,0,oracle,0.08185828115769452,0.6384009873781049
58,138,0,uniform,0.8725248214005685,0.1
58,138,0,static_tass,0.08150716401616839,0.6284557223107612
58,138,0,online,0.08557532385941459,0.6428357291862064
58,138,0,oracle,0.06824676268828843,0.6213177409862474
59,139,0,uniform,0.8759842808472027,0.1
59,139,0,static_tass,0.07864627178504735,0.6751066234702062
59,139,0,online,0.065162380046321,0.6855505400273076
59,139,0,oracle,0.08053251978320966,0.6694847423329806
60,140,0,uniform,0.9645696022183506,0.1
60,140,0,static_tass,0.08216594688946131,0.669392941329453
60,140,0,online,0.08695577232872247,0.6802406029634188
60,140,0,oracle,0.06722797246583204,0.6642558715965561
61,141,1,uniform,0.9822811586184719,0.1
61,141,1,static_tass,0.08372181871554944,0.6661911332809134
61,141,1,online,0.08288878112995744,0.6783597306163369
61,141,1,oracle,0.08022565003325527,0.6637636306883785
62,142,1,uniform,0.9337507200328716,0.1
62,142,1,static_tass,0.08145827277043327,0.6646608478889799
62,142,1,online,0.08652677929165437,0.6767429438895001
62,142,1,oracle,0.0829166469784998,0.6638199790720938
63,143,1,uniform,0.8148719376345909,0.1
63,143,1,static_tass,0.08714061704348501,0.6635653059636719
63,143,1,online,0.08924158661298542,0.6760561156174858
63,143,1,oracle,0.07514003012861577,0.6652322702041011
64,144,1,uniform,0.8999515997007816,0.1
64,144,1,static_tass,0.09945259980402613,0.6660931443523925
64,144,1,online,0.1002211582506857,0.6798229545681553
64,144,1,oracle,0.07451309725497521,0.6715546022965004
65,145,1,uniform,0.7224046884193019,0.1
65,145,1,static_tass,0.09782708929068262,0.6707005014677805
65,145,1,online,0.0829827121329855,0.6856520944198117
65,145,1,oracle,0.08960140612304902,0.675917849281318
66,146,1,uniform,0.8513513092567716,0.1
66,146,1,static_tass,0.093408183383732,0.6714328458652868
66,146,1,online,0.09164857233983628,0.6883325803289164
66,146,1,oracle,0.08105996368613921,0.678065342556638
67,147,1,uniform,0.9027667577788014,0.1
67,147,1,static_tass,0.104271690924188,0.6714120171029622
67,147,1,online,0.09555673761618086,0.6884271924429678
67,147,1,oracle,0.07871945038156905,0.6782927956543818
68,148,1,uniform,0.9720528331571349,0.1
68,148,1,static_tass,0.09579298799168999,0.6713244714741018
68,148,1,online,0.09537494176092422,0.6860243806762254
68,148,1,oracle,0.07558442624110547,0.6779957312500561
69,149,1,uniform,1.1075106557521142,0.1
69,149,1,static_tass,0.08958562894383922,0.6707365359595427
69,149,1,online,0.09584991181379689,0.6930761733325757
69,149,1,oracle,0.0715416942038865,0.6779315493926146
70,150,1,uniform,0.8624536767945661,0.1
70,150,1,static_tass,0.10043809143618361,0.6707761742727398
70,150,1,online,0.1126638867590903,0.6966350532526575
70,150,1,oracle,0.06839724478675839,0.6776854828455571
71,151,1,uniform,0.9736048202941543,0.1
71,151,1,static_tass,0.09758208134062318,0.6708034222103008
71,151,1,online,0.09141605636323133,0.6999135671525916
71,151,1,oracle,0.07012603061475514,0.6771863269835945
72,152,1,uniform,0.8474950434708651,0.1
72,152,1,static_tass,0.09492290795751557,0.6707752397289715
72,152,1,online,0.08793407050931723,0.6934112403118802
72,152,1,oracle,0.07898567690758984,0.6765574382584324
73,153,1,uniform,0.7274694316245381,0.1
73,153,1,static_tass,0.08343335745974935,0.6717619356478557
73,153,1,online,0.10582361494681342,0.6871240610162448
73,153,1,oracle,0.07462941406817371,0.6776936513784584
74,154,1,uniform,0.8804131031020975,0.1
74,154,1,static_tass,0.09142602307248165,0.6725693560222279
74,154,1,online,0.08070488236214135,0.6895226368929959
74,154,1,oracle,0.0814871108593503,0.6785503638077613
75,155,1,uniform,1.0132102166066792,0.1
75,155,1,static_tass,0.09640857049441529,0.6880083670821848
75,155,1,online,0.08761221714954782,0.7039615974835638
75,155,1,oracle,0.07795053373695625,0.6946231490039041
76,156,1,uniform,0.9173097180301594,0.1
76,156,1,static_tass,0.10586965213207877,0.696227369230898
76,156,1,online,0.1076913662657403,0.7128850574126194
76,156,1,oracle,0.06753472888993456,0.7060359742144784
77,157,1,uniform,1.0627212357768585,0.1
77,157,1,static_tass,0.08830292699049917,0.7034329797074308
77,157,1,online,0.10618919989858647,0.7296638115977114
77,157,1,oracle,0.09141705317934036,0.7144360836915801
78,158,1,uniform,0.8893079456349448,0.1
78,158,1,static_tass,0.10226725474213373,0.7088615972721517
78,158,1,online,0.12343932024579911,0.7306770568933463
78,158,1,oracle,0.08474076611842785,0.7205038453741569
79,159,1,uniform,0.9986433508817405,0.1
79,159,1,static_tass,0.09391101001995965,0.7098933037405806
79,159,1,online,0.10221208130438288,0.738983970270773
79,159,1,oracle,0.07576783082979344,0.7226352653416469
80,160,1,uniform,0.9997289149744223,0.1
80,160,1,static_tass,0.09213922867924146,0.7035084355974928
80,160,1,online,0.09565732446752971,0.7398233643779574
80,160,1,oracle,0.0782981731952667,0.7247220473525022
81,161,1,uniform,1.087258145266596,0.1
81,161,1,static_tass,0.12180723101555747,0.7026782934661107
81,161,1,online,0.12359776198423307,0.7364323907855188
81,161,1,oracle,0.07287906378193025,0.7247257425718119
82,162,1,uniform,1.0374433391264293,0.1
82,162,1,static_tass,0.1159472683514079,0.6927202497576832
82,162,1,online,0.12961796318995358,0.7301884231614487
82,162,1,oracle,0.07714333065404692,0.7247066900356325
83,163,1,uniform,0.9983331999258367,0.1
83,163,1,static_tass,0.11400672646996309,0.6922258646760913
83,163,1,online,0.11500065816628256,0.7308303014666879
83,163,1,oracle,0.07728300026192204,0.7247253764445722
84,164,1,uniform,0.8673955081332573,0.1
84,164,1,static_tass,0.11260655138993261,0.6917738030365312
84,164,1,online,0.13906975421366563,0.727332162794712
84,164,1,oracle,0.07893851875409713,0.724763288330676
85,165,1,uniform,1.0035125500169633,0.1
85,165,1,static_tass,0.1254200645651469,0.6926451198151241
85,165,1,online,0.1381985826105699,0.7151535803717104
85,165,1,oracle,0.08558602350805626,0.7265667410373312
86,166,1,uniform,1.0832710614507812,0.1
86,166,1,static_tass,0.11087449814174492,0.6908232697295364
86,166,1,online,0.1385437452950437,0.688305284046541
86,166,1,oracle,0.08249384415706794,0.7277818232406267
87,167,1,uniform,1.0246907884265601,0.1
87,167,1,static_tass,0.1244829336788113,0.6907805509855756
87,167,1,online,0.11419440608773215,0.6991002858123399
87,167,1,oracle,0.08779777016052015,0.7285734307517246
88,168,1,uniform,0.9553242832864088,0.1
88,168,1,static_tass,0.12712210135942315,0.6929055576137769
88,168,1,online,0.11956497193721974,0.7073485945247071
88,168,1,oracle,0.08189170553809792,0.7315519773230805
89,169,1,uniform,1.101157967984607,0.1
89,169,1,static_tass,0.1431461913258777,0.6836408422579048
89,169,1,online,0.1287152336842981,0.7011076863247849
89,169,1,oracle,0.08559466133686794,0.725910266067473
90,170,1,uniform,1.0487573992498997,0.1
90,170,1,static_tass,0.14453887314594321,0.6437384498697398
90,170,1,online,0.18515041393064474,0.6526891108508768
90,170,1,oracle,0.08074578929537779,0.7086732906438538
91,171,1,uniform,1.1688116355891602,0.1
91,171,1,static_tass,0.18215572203497613,0.5852693850894448
91,171,1,online,0.20583530047728882,0.6159993817822933
91,171,1,oracle,0.09450101879434138,0.7354048063604833
92,172,1,uniform,1.1324373954556644,0.1
92,172,1,static_tass,0.16580776508115003,0.595522905525236
92,172,1,online,0.34776661221419053,0.6464100965041878
92,172,1,oracle,0.08814416212918998,0.7592043012722316
93,173,1,uniform,1.2554752253522035,0.1
93,173,1,static_tass,0.20055167665592546,0.5957895701304649
93,173,1,online,0.2839689636501681,0.6696053319809162
93,173,1,oracle,0.09189111101828319,0.7599572563604593
94,174,1,uniform,1.2933675387260546,0.1
94,174,1,static_tass,0.21704994249856893,0.6087784173610232
94,174,1,online,0.36499858996065737,0.7319701504175935
94,174,1,oracle,0.08841891939202755,0.7839324657378102
95,175,1,uniform,1.1687241908945116,0.1
95,175,1,static_tass,0.18925742090449638,0.608731509222817
95,175,1,online,0.2417174996174347,0.7215303608164113
95,175,1,oracle,0.07314698732036018,0.7838336119203799
96,176,1,uniform,1.1203602371575732,0.1
96,176,1,static_tass,0.1995113715803044,0.6087240752843859
96,176,1,online,0.2797533849795772,0.7299267603083994
96,176,1,oracle,0.0991869129471322,0.7836784040606948
97,177,1,uniform,1.203208617638269,0.1
97,177,1,static_tass,0.17530155859047594,0.6086968055838042
97,177,1,online,0.3570429004270388,0.7401030161778277
97,177,1,oracle,0.07451858373849858,0.7836992279261803
98,178,1,uniform,1.0485754089239416,0.1
98,178,1,static_tass,0.20902277431568542,0.5932416865049849
98,178,1,online,0.40313880608994196,0.7486339454515158
98,178,1,oracle,0.0835923325721757,0.7833519073947306
99,179,1,uniform,1.0536215406977252,0.1
99,179,1,static_tass,0.23426232657459836,0.5659917970506468
99,179,1,online,0.4224799535366699,0.7299622423172175
99,179,1,oracle,0.08069397733445398,0.781800732874815
100,180,1,uniform,0.9721149042952895,0.1
100,180,1,static_tass,0.25737735155350666,0.5042774726286162
100,180,1,online,0.40163063396539317,0.6822128400146743
100,180,1,oracle,0.09069129361925196,0.7826812819343555
101,181,1,uniform,1.2675614585470567,0.1
101,181,1,static_tass,0.2786353117460751,0.4927469884236609
101,181,1,online,0.46362022890255633,0.6897737474383403
101,181,1,oracle,0.08975398822540563,0.7895847208302924
102,182,1,uniform,1.1593903798509122,0.1
102,182,1,static_tass,0.2624253858860581,0.4821277762490439
102,182,1,online,0.4418412249480281,0.6863720034395709
102,182,1,oracle,0.08420992203766586,0.7893980425927155
103,183,1,uniform,1.2300874255361354,0.1
103,183,1,static_tass,0.26495341480574847,0.4827758376191239
103,183,1,online,0.7783620555964014,0.7659328545248949
103,183,1,oracle,0.07638050426232272,0.7948233203759392
104,184,1,uniform,1.3889861347981756,0.1
104,184,1,static_tass,0.25832000356285584,0.4814141287616733
104,184,1,online,0.6812873306537502,0.7488961867888334
104,184,1,oracle,0.0831830299993217,0.7956058058752782
105,185,1,uniform,1.3168676738277927,0.1
105,185,1,static_tass,0.2773905345281022,0.48128592926949326
105,185,1,online,0.7828387445030681,0.7612919216754404
105,185,1,oracle,0.09149709026823029,0.7963345293111308
106,186,1,uniform,1.089982172568941,0.1
106,186,1,static_tass,0.27422012648871597,0.48084776778127775
106,186,1,online,0.550821353415404,0.7874544765564507
106,186,1,oracle,0.07655799160219691,0.7958566659936144
107,187,1,uniform,1.2771438190842663,0.1
107,187,1,static_tass,0.3089891800104934,0.48077378767279
107,187,1,online,0.6359404582233426,0.767864034445536
107,187,1,oracle,0.0904126968571583,0.7958401743079754
108,188,1,uniform,1.1607227371020625,0.1
108,188,1,static_tass,0.29747523816418464,0.4803353455264139
108,188,1,online,0.6661747414112011,0.7648259996026759
108,188,1,oracle,0.08192100351519245,0.7961030944975585
109,189,1,uniform,1.1192806840090643,0.1
109,189,1,static_tass,0.2792149165094248,0.48028759959196576
109,189,1,online,0.6082566952305662,0.7717764618154452
109,189,1,oracle,0.09212037362798384,0.7957826929678091
110,190,1,uniform,1.3146868583327889,0.1
110,190,1,static_tass,0.2735824758087281,0.48017173336533797
110,190,1,online,0.6444673345945292,0.7519058642004128
110,190,1,oracle,0.0744050964090252,0.7957569473970001
111,191,1,uniform,1.3003166597583786,0.1
111,191,1,static_tass,0.2883922902047983,0.4800683299578115
111,191,1,online,0.6527997400793633,0.7792254738873141
111,191,1,oracle,0.08649732759641698,0.7927861973269862
112,192,1,uniform,1.263335494765624,0.1
112,192,1,static_tass,0.952047990951557,0.461290736153413
112,192,1,online,1.745198282753715,0.7166323135548736
112,192,1,oracle,0.08584764413679447,0.7929146923953708
113,193,1,uniform,1.0322892675744744,0.1
113,193,1,static_tass,1.0805006513138,0.46134396487462626
113,193,1,online,1.3242638079337765,0.7421399756461149
113,193,1,oracle,0.08853031293512158,0.7842952052058787
114,194,1,uniform,1.1488916737112524,0.1
114,194,1,static_tass,0.8888528826090479,0.46127349711959714
114,194,1,online,2.0372068015819176,0.7517392321281238
114,194,1,oracle,0.07792415048563234,0.779513580575298
115,195,1,uniform,0.8832156881661065,0.1
115,195,1,static_tass,0.8260774438857903,0.4613629147669331
115,195,1,online,2.0295309466672578,0.7458804274287723
115,195,1,oracle,0.07776514559324232,0.7790517900356559
116,196,1,uniform,1.0494721448392106,0.1
116,196,1,static_tass,0.8714789694982659,0.46115539383063797
116,196,1,online,1.7434658035151305,0.7442093363618648
116,196,1,oracle,0.07807394869804084,0.7747249191798136
117,197,1,uniform,1.022147202539392,0.1
117,197,1,static_tass,0.90743346993204,0.46109496843793063
117,197,1,online,2.204124348257663,0.7661705767346298
117,197,1,oracle,0.07605240623593201,0.7639734332025834
118,198,1,uniform,1.147397620915346,0.1
118,198,1,static_tass,0.8135130810169886,0.46079744912233545
118,198,1,online,2.7574426181416576,0.7634899592131884
118,198,1,oracle,0.08741597585526845,0.7623115709231894
119,199,1,uniform,1.2724126239708857,0.1
119,199,1,static_tass,0.7250918886405274,0.4608062353247959
119,199,1,online,1.3916504074120444,0.7577034021050031
119,199,1,oracle,0.0774081460670611,0.7608541541125937
120,200,1,uniform,0.986088490545982,0.1
120,200,1,static_tass,0.5471086613768102,0.46112569500662504
120,200,1,online,0.49294825625808536,0.7659498017495351
120,200,1,oracle,0.06856050042316932,0.7612597318231922
121,201,1,uniform,1.0645259414471575,0.1
121,201,1,static_tass,1.1457013332007586,0.46112856816055936
121,201,1,online,2.30000907858063,0.747884028298067
121,201,1,oracle,0.08581110967607285,0.761246268118112
122,202,1,uniform,1.149277520469286,0.1
122,202,1,static_tass,1.0049536152534657,0.46108213002255466
122,202,1,online,4.3626753225196,0.7844082151305867
122,202,1,oracle,0.07603500000795063,0.7612563856459973
123,203,1,uniform,1.1618980739318383,0.1
123,203,1,static_tass,1.3372425080240318,0.46107660761091734
123,203,1,online,2.5508452560619372,0.790822786978867
123,203,1,oracle,0.08356537486344093,0.7612610371497893
124,204,1,uniform,1.2454673299604042,0.1
124,204,1,static_tass,0.8503712113606577,0.46107993726877844
124,204,1,online,3.0920576557444623,0.7607775801735847
124,204,1,oracle,0.07984081214664383,0.7612591342950688
125,205,1,uniform,1.0185212709084928,0.1
125,205,1,static_tass,0.5994564018333751,0.46110954954749794
125,205,1,online,0.8814745919395682,0.722694825282953
125,205,1,oracle,0.08792669405104347,0.7613030315743107
126,206,1,uniform,0.9884372495524643,0.1
126,206,1,static_tass,0.8953256451665268,0.4651410349808237
126,206,1,online,1.5356360408409735,0.7339588101820506
126,206,1,oracle,0.0826330603677768,0.7683596473553621
127,207,1,uniform,1.191182769846253,0.1
127,207,1,static_tass,1.0684206564480103,0.47081141001374244
127,207,1,online,0.6342869408036665,0.689162525682151
127,207,1,oracle,0.0790279554213977,0.7803735941620369
128,208,1,uniform,1.1464160091676723,0.1
128,208,1,static_tass,0.9976605343455666,0.4760978076981455
128,208,1,online,0.9117281490238777,0.718916742269016
128,208,1,oracle,0.07970024171317656,0.7925348252218565
129,209,1,uniform,1.2841760955648485,0.1
129,209,1,static_tass,0.44981012982085605,0.48109946987779123
129,209,1,online,2.0394600162417107,0.7300182709220788
129,209,1,oracle,0.07894643256495423,0.8048517906381834
130,210,1,uniform,1.4169022629424468,0.1
130,210,1,static_tass,0.5806839693741793,0.4931767298221249
130,210,1,online,1.9512079742614434,0.7476445139165572
130,210,1,oracle,0.09000347144929531,0.8307189120426859
131,211,1,uniform,1.3552789183192615,0.1
131,211,1,static_tass,1.2500943614371975,0.4585279086408955
131,211,1,online,1.1616682073334959,0.7184083456704947
131,211,1,oracle,0.08825034630807842,0.8353854174179491
132,212,1,uniform,1.318725253844442,0.1
132,212,1,static_tass,0.8591889795474541,0.45334793912566457
132,212,1,online,1.5466140890063975,0.7617748261165274
132,212,1,oracle,0.07804866868720536,0.8466089617734822
133,213,1,uniform,1.4447301484323238,0.1
133,213,1,static_tass,1.2199573063888438,0.43936830488913037
133,213,1,online,1.614032653503892,0.7702552110489418
133,213,1,oracle,0.08399166466684399,0.8565588127572056
134,214,1,uniform,1.4736701971408193,0.1
134,214,1,static_tass,1.0105876298829175,0.4377236684070046
134,214,1,online,3.1374668823456466,0.770087767831005
134,214,1,oracle,0.08202923262513541,0.8579536647859429
135,215,1,uniform,1.2436821798622455,0.1
135,215,1,static_tass,0.8582558867225376,0.43869744805054933
135,215,1,online,1.8040440984092627,0.7734931626562971
135,215,1,oracle,0.07754701267820457,0.8612227411400619
136,216,1,uniform,1.8808123342109075,0.1
136,216,1,static_tass,1.0736019982257248,0.410084378464511
136,216,1,online,3.234818424303001,0.7946559311879554
136,216,1,oracle,0.0875265559008204,0.8649061598905585
137,217,1,uniform,1.568223312867363,0.1
137,217,1,static_tass,1.443209886601678,0.3935114607783156
137,217,1,online,2.305132453477703,0.7847552033932966
137,217,1,oracle,0.08927333036822505,0.8706188838289065
138,218,1,uniform,2.1522017339321176,0.1
138,218,1,static_tass,1.253194837793183,0.37142696363186983
138,218,1,online,0.8100314799022834,0.6657953069527471
138,218,1,oracle,0.0937532064338848,0.8724172495680313
139,219,1,uniform,2.7964096892352868,0.1
139,219,1,static_tass,2.5196959279403304,0.13130670846150647
139,219,1,online,1.3792078155214613,0.2213897894488746
139,219,1,oracle,0.08338991894376159,0.8420620313669793
140,220,1,uniform,2.1308779919692027,0.1
140,220,1,static_tass,2.1347298914117383,0.15953471190199472
140,220,1,online,2.403050167522963,0.33071935683143583
140,220,1,oracle,0.08353199969606744,0.8459987631679506
141,221,1,uniform,2.603398188758863,0.1
141,221,1,static_tass,2.495086531684844,0.16149837439480463
141,221,1,online,1.7593756969906669,0.3576649438966104
141,221,1,oracle,0.08309494253592993,0.8495681493777227
142,222,1,uniform,2.5326850163478545,0.1
142,222,1,static_tass,2.222853444524571,0.16241814753844047
142,222,1,online,1.4861939643346165,0.46744846093519576
142,222,1,oracle,0.08630583723054186,0.8491869096520969
143,223,1,uniform,2.318685062645793,0.1
143,223,1,static_tass,1.7607944094581698,0.16413604461040404
143,223,1,online,1.136070020065854,0.4879656354603689
143,223,1,oracle,0.08909986983800358,0.8490792549280043
144,224,1,uniform,2.496746472895803,0.1
144,224,1,static_tass,1.648149170935518,0.16775509758757745
144,224,1,online,0.4104543917647133,0.7069066846176434
144,224,1,oracle,0.08916051955351974,0.8480949353173033
145,225,1,uniform,1.9431398971055782,0.1
145,225,1,static_tass,1.6811675917178834,0.11691246164205729
145,225,1,online,0.20564432789074863,0.7639991251852083
145,225,1,oracle,0.08165744307402704,0.8443236899001861
146,226,1,uniform,1.8212937130797517,0.1
146,226,1,static_tass,2.047956894720328,0.02787886545479624
146,226,1,online,0.17187267759070923,0.7927188154636509
146,226,1,oracle,0.07978742950172861,0.8375667026069307
147,227,1,uniform,1.8240693236575845,0.1
147,227,1,static_tass,2.102208254287956,0.027845862993765978
147,227,1,online,0.11945710317130463,0.8128671819439147
147,227,1,oracle,0.08992911271320689,0.8372045358151615
148,228,1,uniform,2.516874393058291,0.1
148,228,1,static_tass,2.225658623765049,0.027833918865353413
148,228,1,online,0.12915112717662863,0.8152286275093166
148,228,1,oracle,0.08909719625223889,0.8387524684223329
149,229,1,uniform,2.353237234759585,0.1
149,229,1,static_tass,2.2549390180476028,0.027863923642833976
149,229,1,online,0.12371521760409407,0.8173313373082933
149,229,1,oracle,0.08226721999381295,0.8389887053441029
150,230,1,uniform,1.8192074158844624,0.1
150,230,1,static_tass,1.6737401749171186,0.027770668008722393
150,230,1,online,0.13185245874285287,0.8180617685401417
150,230,1,oracle,0.08552157064513667,0.8387935366580824
151,231,1,uniform,2.8767885201116328,0.1
151,231,1,static_tass,1.551588398308737,0.027623986553555212
151,231,1,online,0.11472272059285546,0.8209568179606614
151,231,1,oracle,0.07731686169757186,0.8417853561137847
152,232,1,uniform,1.8556614402641687,0.1
152,232,1,static_tass,1.9282122297024962,0.027480665002269065
152,232,1,online,0.1149717376853159,0.8254354997167774
152,232,1,oracle,0.08282214399855882,0.8455001351233801
153,233,1,uniform,2.2499810961693165,0.1
153,233,1,static_tass,2.0552051321923375,0.027462205816921766
153,233,1,online,0.10876181013790186,0.827324315926163
153,233,1,oracle,0.08441213167880972,0.8455215413089091
154,234,1,uniform,2.2203987820947986,0.1
154,234,1,static_tass,2.113881109816089,0.027282496137469463
154,234,1,online,0.10647628453750681,0.8283472157365952
154,234,1,oracle,0.07453013555472436,0.8455428658829418
155,235,1,uniform,1.7861343107438776,0.1
155,235,1,static_tass,2.3524841558897713,0.027276591234316163
155,235,1,online,0.11871361852068457,0.8334681580828167
155,235,1,oracle,0.0881521923626586,0.8457513736171388
156,236,1,uniform,2.4095520684077174,0.1
156,236,1,static_tass,1.856530203367504,0.027270949576636824
156,236,1,online,0.09477385785230535,0.8339489599348971
156,236,1,oracle,0.08948263328758058,0.8456948975094538
157,237,1,uniform,2.192357561426286,0.1
157,237,1,static_tass,2.105303669901033,0.02725940865534645
157,237,1,online,0.10636116023070882,0.83594153857991
157,237,1,oracle,0.07901404305225299,0.8453710932906336
158,238,1,uniform,2.1283521886819963,0.1
158,238,1,static_tass,2.217554993167992,0.027289665341451587
158,238,1,online,0.09818589141168067,0.837656357154468
158,238,1,oracle,0.07167197046373262,0.8445059586258241
159,239,1,uniform,2.114304214239837,0.1
159,239,1,static_tass,2.3872578735147205,0.027374626432719852
159,239,1,online,0.0911988805815824,0.8401214339647773
159,239,1,oracle,0.06980361510430855,0.8441199415091155
160,240,1,uniform,1.944863018118585,0.1
160,240,1,static_tass,1.7765243441765708,0.027886618773490645
160,240,1,online,0.09193956571228476,0.8367998075852268
160,240,1,oracle,0.08569022074394365,0.8388205899796777
161,241,1,uniform,2.0874356957920916,0.1
161,241,1,static_tass,1.4889119053449529,0.027875808591443084
161,241,1,online,0.09441080156460802,0.8327138406312407
161,241,1,oracle,0.07196815452165985,0.8325757476005389
162,242,1,uniform,2.3120636584431233,0.1
162,242,1,static_tass,2.012998209157793,0.028660993313806806
162,242,1,online,0.09328505684306182,0.824629624423646
162,242,1,oracle,0.07470201487562869,0.8251641306843166
163,243,1,uniform,1.9765171410892806,0.1
163,243,1,static_tass,1.7017136185655,0.028698122961005088
163,243,1,online,0.09810464058444518,0.8240993947841677
163,243,1,oracle,0.08308880005554262,0.8235214216392035
164,244,1,uniform,1.5230502034863058,0.1
164,244,1,static_tass,1.8385608756682041,0.028705721157882672
164,244,1,online,0.08227955730861118,0.8246160373032725
164,244,1,oracle,0.08263785108184091,0.8229220465655187
165,245,1,uniform,1.9723057394195007,0.1
165,245,1,static_tass,1.6338168204155492,0.02874279208574214
165,245,1,online,0.08288024841092861,0.8271431551675393
165,245,1,oracle,0.08369062712012176,0.8230249674184109
166,246,1,uniform,1.436170474011493,0.1
166,246,1,static_tass,1.8086027228259838,0.028900491362737764
166,246,1,online,0.08260747645572902,0.8282870270284609
166,246,1,oracle,0.07917796429463747,0.8229994032097497
167,247,1,uniform,2.2507919983271085,0.1
167,247,1,static_tass,1.5600239373439464,0.028960941670534517
167,247,1,online,0.08777613369542484,0.8286904495321991
167,247,1,oracle,0.07167319027050004,0.8234128855848148
168,248,1,uniform,1.8161710928887642,0.1
168,248,1,static_tass,2.1546154193976905,0.02909307418419218
168,248,1,online,0.07641941441241855,0.8313747796978985
168,248,1,oracle,0.07618667573221695,0.8246360235146869
169,249,1,uniform,2.0279032711779172,0.1
169,249,1,static_tass,1.7412141080545365,0.029287864069474562
169,249,1,online,0.11158120964460608,0.8333344392290671
169,249,1,oracle,0.0749400835770368,0.8248819828492511
170,250,1,uniform,2.190872661263795,0.1
170,250,1,static_tass,2.1213521354652967,0.029481455768318877
170,250,1,online,0.07877820864536908,0.8295916258802399
170,250,1,oracle,0.06919097796395203,0.8205641138553759
171,251,1,uniform,2.0130403281582163,0.1
171,251,1,static_tass,1.3123557469959801,0.03660971226866285
171,251,1,online,0.08498490726914991,0.8256619714741126
171,251,1,oracle,0.06758524019423966,0.8135376071324195
172,252,1,uniform,1.90427253850932,0.1
172,252,1,static_tass,1.4021693714356434,0.04710389592106473
172,252,1,online,0.10169498445604137,0.8110386331707625
172,252,1,oracle,0.08018154380703575,0.8017319716364254
173,253,1,uniform,2.012178391343474,0.1
173,253,1,static_tass,1.5949889341388461,0.047136245048764194
173,253,1,online,0.09055083099037942,0.8070863542020238
173,253,1,oracle,0.08000528179172701,0.798154091840851
174,254,1,uniform,1.8758158271509688,0.1
174,254,1,static_tass,1.3266952731088093,0.047067502700317766
174,254,1,online,0.08237045759577093,0.8057127803700053
174,254,1,oracle,0.07298956997724561,0.7968390505816318
175,255,1,uniform,1.9222304963444525,0.1
175,255,1,static_tass,1.5172520509398106,0.047073082259645904
175,255,1,online,0.08550295173770697,0.8052149278707127
175,255,1,oracle,0.0765096913036175,0.7947547266947453
176,256,1,uniform,1.5918698557851572,0.1
176,256,1,static_tass,1.7072800798841212,0.04707719573586969
176,256,1,online,0.07385446579054784,0.7967278645583721
176,256,1,oracle,0.08304217174256573,0.7843017629417169
177,257,1,uniform,1.5604212819226357,0.1
177,257,1,static_tass,1.490621601811249,0.04614104204482539
177,257,1,online,0.08023092142623761,0.7836251565720381
177,257,1,oracle,0.07091967298684278,0.7744671464297095
178,258,1,uniform,2.075333292529408,0.1
178,258,1,static_tass,1.4160802452957422,0.049060753946534544
178,258,1,online,0.07580807759118172,0.7823247865482912
178,258,1,oracle,0.07553138626702048,0.7734298996371857
179,259,1,uniform,2.02082707351235,0.1
179,259,1,static_tass,1.5412079282892053,0.055330423460727536
179,259,1,online,0.08836319254389118,0.7866859285167943
179,259,1,oracle,0.07732321110176682,0.7778957736737686
180,260,1,uniform,1.8887957488417362,0.1
180,260,1,static_tass,1.0884227331851042,0.09806335336798722
180,260,1,online,0.08140000228070944,0.7868500259805584
180,260,1,oracle,0.0787739950503793,0.7786730093694172
181,261,1,uniform,2.1747036946289358,0.1
181,261,1,static_tass,0.8446228948675537,0.12633324546066635
181,261,1,online,0.07353425072978546,0.7868216346602375
181,261,1,oracle,0.07073340875504071,0.7789784126612547
182,262,1,uniform,2.2176853531684135,0.1
182,262,1,static_tass,0.6634777434823756,0.16991405803751042
182,262,1,online,0.07932498853712865,0.791229669578656
182,262,1,oracle,0.08975609105617069,0.7840913599929266
183,263,1,uniform,1.6627619772511963,0.1
183,263,1,static_tass,0.6654819432701197,0.1754986519593831
183,263,1,online,0.08064426013359323,0.7889040849798636
183,263,1,oracle,0.08673839546640519,0.782741128290783
184,264,1,uniform,1.6033443754825796,0.1
184,264,1,static_tass,0.696103214477125,0.186726128527339
184,264,1,online,0.08554852102720566,0.7842449845724964
184,264,1,oracle,0.07662202217580175,0.7782213044150335
185,265,1,uniform,1.7720351498445495,0.1
185,265,1,static_tass,0.6557554156961092,0.18806090942084563
185,265,1,online,0.0825328481311211,0.7963421965448118
185,265,1,oracle,0.06859353879448647,0.7833151314489537
186,266,1,uniform,1.3918891929833725,0.1
186,266,1,static_tass,1.079536398156911,0.19637826882894616
186,266,1,online,0.07576376872756575,0.7970521908666439
186,266,1,oracle,0.07152557284964021,0.7856359116394436
187,267,1,uniform,1.2348704281009468,0.1
187,267,1,static_tass,1.045550905200695,0.200996155813565
187,267,1,online,0.09418862661639583,0.7900633352261632
187,267,1,oracle,0.07126883790513046,0.7782913233475993
188,268,1,uniform,1.4950768947102964,0.1
188,268,1,static_tass,0.5924849324616992,0.19873892882618394
188,268,1,online,0.0987626758330999,0.7887895862053548
188,268,1,oracle,0.0776266455863342,0.7770476510459741
189,269,1,uniform,1.0404502531748276,0.1
189,269,1,static_tass,1.2193542641523556,0.19741132175422513
189,269,1,online,0.08726536658059339,0.7872883209409374
189,269,1,oracle,0.08029630988211581,0.7761701111727477
190,270,1,uniform,1.3385875633442692,0.1
190,270,1,static_tass,1.3239273982427961,0.1496326673975406
190,270,1,online,0.09618366814784715,0.7802085302277939
190,270,1,oracle,0.08405454487987636,0.7697161415408713
191,271,1,uniform,1.3179052294793656,0.1
191,271,1,static_tass,1.0405024296851872,0.147805591539522
191,271,1,online,0.08373430894942181,0.7816759354772106
191,271,1,oracle,0.07644227862553019,0.7719897344888385
192,272,1,uniform,0.9238681940514323,0.1
192,272,1,static_tass,0.8504512661919509,0.18451156113996833
192,272,1,online,0.0778048405042115,0.660595269898538
192,272,1,oracle,0.06804334199939366,0.6559655865984475
193,273,1,uniform,0.9475656228387703,0.1
193,273,1,static_tass,0.9426078454980723,0.30826038341924683
193,273,1,online,0.09363083053275272,0.6596808618346441
193,273,1,oracle,0.07383684756157581,0.6528728603355028
194,274,1,uniform,0.7868170528902418,0.1
194,274,1,static_tass,1.7833984180946592,0.3114608867800264
194,274,1,online,0.08665232129044435,0.6624743567715833
194,274,1,oracle,0.07464637537115167,0.6573986847851835
195,275,1,uniform,0.8186627515470327,0.1
195,275,1,static_tass,2.1806729246811987,0.3106827577769699
195,275,1,online,0.08274087213828257,0.6595351211939664
195,275,1,oracle,0.07406613520461013,0.6561439937431296
196,276,1,uniform,1.0455270048296317,0.1
196,276,1,static_tass,1.8099536740998496,0.3113058058483911
196,276,1,online,0.08667344342488924,0.671285002473599
196,276,1,oracle,0.07026104889403693,0.6680612040523517
197,277,1,uniform,0.8316876801197158,0.1
197,277,1,static_tass,2.78592289234799,0.3105513883507466
197,277,1,online,0.08675955699742202,0.6823600008591586
197,277,1,oracle,0.07122644057632287,0.6797565710395881
198,278,1,uniform,0.7837093520898293,0.1
198,278,1,static_tass,1.8199189794886759,0.3109909747135909
198,278,1,online,0.09382722125450495,0.6764174037916192
198,278,1,oracle,0.07325013940212968,0.6756242712668383
199,279,1,uniform,0.932088890812301,0.1
199,279,1,static_tass,3.201238386999874,0.30875534324135584
199,279,1,online,0.08660927741523818,0.6801205003325019
199,279,1,oracle,0.06924171573636398,0.679079286323336
200,280,1,uniform,0.9735905814666671,0.1
200,280,1,static_tass,3.1227144736616523,0.3076942946207025
200,280,1,online,0.09761093708248292,0.6808925627447318
200,280,1,oracle,0.0769696414681467,0.6794527049779857
201,281,2,uniform,0.9113223311578552,0.1
201,281,2,static_tass,2.934160026468783,0.3074911352145191
201,281,2,online,0.10623301178992046,0.6785665792491006
201,281,2,oracle,0.08041045975741562,0.6785441764919682
202,282,2,uniform,0.7232002672097909,0.1
202,282,2,static_tass,0.8788720623352649,0.3078295434877905
202,282,2,online,0.09569778931700701,0.6718604217259041
202,282,2,oracle,0.07654045719256963,0.6750400047909157
203,283,2,uniform,0.7955442725133843,0.1
203,283,2,static_tass,0.9037193294886999,0.3079129521622686
203,283,2,online,0.08492038152330054,0.6648226747355043
203,283,2,oracle,0.06862089465466747,0.6720884408971632
204,284,2,uniform,0.8165768143643662,0.1
204,284,2,static_tass,1.8475801334100292,0.30790295508846344
204,284,2,online,0.09422142116059234,0.6594212945656585
204,284,2,oracle,0.05661740730677016,0.6677337176088435
205,285,2,uniform,0.8704177396476758,0.1
205,285,2,static_tass,2.2447900234478966,0.3076448113766752
205,285,2,online,0.09534054270813609,0.65813888879154
205,285,2,oracle,0.0761635886929523,0.6657220325161308
206,286,2,uniform,0.8358141036173574,0.1
206,286,2,static_tass,0.811198684019926,0.30765084210585786
206,286,2,online,0.11858795955452457,0.658386954009232
206,286,2,oracle,0.0682310540127006,0.6520117034977415
207,287,2,uniform,0.7141727493077367,0.1
207,287,2,static_tass,1.7231915385131835,0.30593638742204543
207,287,2,online,0.2200811267358397,0.6348836676268942
207,287,2,oracle,0.06850082548801781,0.6384027145699942
208,288,2,uniform,0.8951358699067237,0.1
208,288,2,static_tass,2.16215617989749,0.30604278823971476
208,288,2,online,0.1556579712020185,0.6376980335680503
208,288,2,oracle,0.06937135852146496,0.6371997470620524
209,289,2,uniform,0.8234470757805143,0.1
209,289,2,static_tass,1.021422729608067,0.30631216950641776
209,289,2,online,0.15928938436539744,0.6388863214824784
209,289,2,oracle,0.0780821088566492,0.6367507405188009
210,290,2,uniform,0.791433925508379,0.1
210,290,2,static_tass,1.6583964568066225,0.3060866722697241
210,290,2,online,0.16393901126740673,0.6392298965503207
210,290,2,oracle,0.06001244145814413,0.630100178996609
211,291,2,uniform,0.7743182188059216,0.1
211,291,2,static_tass,2.6556220431158057,0.30483365617476466
211,291,2,online,0.1959952144113596,0.6339475775842363
211,291,2,oracle,0.0680849486311667,0.6331326661312385
212,292,2,uniform,0.7620407831609933,0.1
212,292,2,static_tass,1.653076977979319,0.2923590458064924
212,292,2,online,0.17673368662235728,0.6331502971413112
212,292,2,oracle,0.07014012538754337,0.6310187693246642
213,293,2,uniform,0.7448787129863349,0.1
213,293,2,static_tass,2.300728890445752,0.28744832156738803
213,293,2,online,0.12657316428016738,0.6349730828899862
213,293,2,oracle,0.06483782097471502,0.6316900836577233
214,294,2,uniform,0.7270455784604125,0.1
214,294,2,static_tass,0.8611969593247039,0.2931520940906604
214,294,2,online,0.21071171536961447,0.6341040110631138
214,294,2,oracle,0.06338380194083049,0.6316490666188159
215,295,2,uniform,0.7492875583757476,0.1
215,295,2,static_tass,0.8993699405446622,0.29218108170773177
215,295,2,online,0.16651104110612558,0.6282588272381571
215,295,2,oracle,0.06528289020612814,0.6315318922525368
216,296,2,uniform,0.7272238324116094,0.1
216,296,2,static_tass,2.152841441075877,0.29243841743272636
216,296,2,online,0.15485890582679857,0.6000157851777219
216,296,2,oracle,0.06122493819020301,0.6279318428713702
217,297,2,uniform,0.9022734240333966,0.1
217,297,2,static_tass,2.255743957689631,0.15895126994086156
217,297,2,online,0.1791781057949139,0.5873487778594889
217,297,2,oracle,0.07298117209797383,0.6115375595635342
218,298,2,uniform,0.8428139233459983,0.1
218,298,2,static_tass,1.734407442816493,0.1491255787289549
218,298,2,online,0.2292336620086188,0.5546543637382129
218,298,2,oracle,0.06921558508045489,0.6055388804814488
219,299,2,uniform,0.8003903045111389,0.1
219,299,2,static_tass,2.5376135875859336,0.1469735287200663
219,299,2,online,0.17951491968975514,0.5280631619630347
219,299,2,oracle,0.06856153105592483,0.6029662347643889
220,300,2,uniform,0.760812842219082,0.1
220,300,2,static_tass,0.985749723176103,0.14395745327533283
220,300,2,online,0.1661852542836605,0.5273945076393487
220,300,2,oracle,0.05863829577556076,0.5964458386999585
221,301,2,uniform,0.8021822579084129,0.1
221,301,2,static_tass,0.9630941516378779,0.14561966353670747
221,301,2,online,0.22965975237511893,0.5033334433908971
221,301,2,oracle,0.05349615346884658,0.5820281620691462
222,302,2,uniform,0.6800200157278393,0.1
222,302,2,static_tass,1.4100699094292448,0.1405130445969846
222,302,2,online,0.2584151203941169,0.5028351240786566
222,302,2,oracle,0.05862825984499867,0.5649952322996984
223,303,2,uniform,0.7018441170761925,0.1
223,303,2,static_tass,1.7227774933469373,0.14423578312072247
223,303,2,online,0.3199511236207404,0.4951306451658454
223,303,2,oracle,0.06677171049432164,0.553586958373098
224,304,2,uniform,0.7273920925926847,0.1
224,304,2,static_tass,2.3067587930596516,0.14403260880226487
224,304,2,online,0.35194054684838255,0.49744277059363495
224,304,2,oracle,0.052806980928140415,0.5519644823594276
225,305,2,uniform,0.575387616560411,0.1
225,305,2,static_tass,2.2051335967982526,0.14400620807073589
225,305,2,online,0.39876130812911664,0.4876114184987222
225,305,2,oracle,0.05826568228129471,0.5441584235976016
226,306,2,uniform,0.6758743162602048,0.1
226,306,2,static_tass,2.933209117477043,0.13951451289382033
226,306,2,online,0.28971508988636135,0.47470899077498996
226,306,2,oracle,0.06168986500582999,0.5520938792291209
227,307,2,uniform,0.6860972191114482,0.1
227,307,2,static_tass,0.8747170388701705,0.13745757626403687
227,307,2,online,0.3370660645656821,0.4846607389733902
227,307,2,oracle,0.05966866597283019,0.552292718321373
228,308,2,uniform,0.7323154268134388,0.1
228,308,2,static_tass,1.8178730218194095,0.13774819241580571
228,308,2,online,0.34888582552804503,0.475141805254973
228,308,2,oracle,0.06640633340301416,0.5522892582541329
229,309,2,uniform,0.6747931316370122,0.1
229,309,2,static_tass,2.1669247567310106,0.1380626997897181
229,309,2,online,0.306934212094515,0.4739174385081591
229,309,2,oracle,0.06855034075989651,0.5518862017354835
230,310,2,uniform,0.7527862667259992,0.1
230,310,2,static_tass,1.646826106482778,0.13870868741256975
230,310,2,online,0.3195044060314491,0.4614673281153323
230,310,2,oracle,0.06614723508503752,0.5528832764125534
231,311,2,uniform,0.7184858108202061,0.1
231,311,2,static_tass,1.7165512364886142,0.13230846291882176
231,311,2,online,0.29216425964424886,0.4692022358161831
231,311,2,oracle,0.06910536943170222,0.5526448839379874
232,312,2,uniform,0.7887696161789085,0.1
232,312,2,static_tass,1.4272317529032104,0.12835790150578527
232,312,2,online,0.3856318807301207,0.45260857074331395
232,312,2,oracle,0.05679393537661353,0.5524678290574329
233,313,2,uniform,0.75739701972817,0.1
233,313,2,static_tass,2.4243423647204563,0.12642813476249803
233,313,2,online,0.33588438868568304,0.4245925239329056
233,313,2,oracle,0.06935897718806405,0.5523388187868388
234,314,2,uniform,0.6561979200299504,0.1
234,314,2,static_tass,0.7426849773215808,0.12928983311580333
234,314,2,online,0.344265306536555,0.42636007220484423
234,314,2,oracle,0.06826855017310682,0.5522671677677051
235,315,2,uniform,0.6131158488979712,0.1
235,315,2,static_tass,1.8639914977704986,0.12487620841422384
235,315,2,online,0.29153148047630184,0.4284142704952312
235,315,2,oracle,0.06451874050554551,0.5518379712479904
236,316,2,uniform,0.6888024520215988,0.1
236,316,2,static_tass,1.4602099163851416,0.12421119701948957
236,316,2,online,0.3535588546253159,0.42440453003405243
236,316,2,oracle,0.06544121501842952,0.5516377380522945
237,317,2,uniform,0.6394778219112797,0.1
237,317,2,static_tass,1.5668222373029617,0.12158099092053698
237,317,2,online,0.26655606659424735,0.4118557272869354
237,317,2,oracle,0.05811434847144278,0.5505591400674605
238,318,2,uniform,0.5613373442101425,0.1
238,318,2,static_tass,2.328635662090075,0.10704272123400753
238,318,2,online,0.36617626733544306,0.37618133147847777
238,318,2,oracle,0.062199013781588416,0.5497788940258435
239,319,2,uniform,0.573442084556087,0.1
239,319,2,static_tass,0.9587329411856383,0.1773320217692742
239,319,2,online,0.34142307960885154,0.37964999736061267
239,319,2,oracle,0.05806783562042492,0.5496884609623718
240,320,2,uniform,0.6865869495293435,0.1
240,320,2,static_tass,1.4190354387959043,0.21939937829107442
240,320,2,online,0.44878979929714485,0.3756059802803382
240,320,2,oracle,0.06017236130375389,0.5670456870301626
241,321,2,uniform,0.7985225257943529,0.1
241,321,2,static_tass,0.8600551212194976,0.22426425501060485
241,321,2,online,0.3438425018053189,0.37376640613342405
241,321,2,oracle,0.06160587800543791,0.592352792500901
242,322,2,uniform,0.6667300075510472,0.1
242,322,2,static_tass,0.805713079093994,0.244212738498459
242,322,2,online,0.35573296480615707,0.3550076140607729
242,322,2,oracle,0.06000644796514997,0.5831689072183305
243,323,2,uniform,0.674825471720772,0.1
243,323,2,static_tass,1.2606621207549582,0.24999983081101484
243,323,2,online,0.3290711556084229,0.3731389029832862
243,323,2,oracle,0.06649927192344281,0.5723794726790563
244,324,2,uniform,0.6104063865669432,0.1
244,324,2,static_tass,1.3274139054784293,0.2464725764212438
244,324,2,online,0.3491745522575672,0.38049979278329416
244,324,2,oracle,0.055826251479005544,0.5539824067243457
245,325,2,uniform,0.526249936666177,0.1
245,325,2,static_tass,1.289984276825467,0.23474091973875355
245,325,2,online,0.2963593879177817,0.345782521557441
245,325,2,oracle,0.07388214259024597,0.5507000655877667
246,326,2,uniform,0.5821868543019119,0.1
246,326,2,static_tass,1.0991827653589723,0.23551888158205495
246,326,2,online,0.2919142057175198,0.3408414947213764
246,326,2,oracle,0.060595821305641555,0.5504958359433054
247,327,2,uniform,0.6316478149989575,0.1
247,327,2,static_tass,0.6133678639910687,0.23518374234825992
247,327,2,online,0.35301948217793194,0.3554127772206278
247,327,2,oracle,0.057790942542520804,0.5505500297747712
248,328,2,uniform,0.616515060091925,0.1
248,328,2,static_tass,1.2856697109733795,0.21190794613472108
248,328,2,online,0.31239207048188466,0.3575654403309136
248,328,2,oracle,0.06397865765636929,0.550558840668046
249,329,2,uniform,0.609248291140938,0.1
249,329,2,static_tass,0.9631900428045684,0.13790256474231183
249,329,2,online,0.33277408059719055,0.3513298558341331
249,329,2,oracle,0.06624217498356513,0.5508661768403826
250,330,2,uniform,0.5902837104732519,0.1
250,330,2,static_tass,1.2177613266148772,0.13657094540156567
250,330,2,online,0.3198798940510292,0.3577988720557648
250,330,2,oracle,0.061560544987553575,0.5526523256850513
251,331,2,uniform,0.6468722442590876,0.1
251,331,2,static_tass,1.1335786233304361,0.13579867431778167
251,331,2,online,0.32714511396331647,0.35985437369501894
251,331,2,oracle,0.07020205828815383,0.5547907106484204
252,332,2,uniform,0.531640773106155,0.1
252,332,2,static_tass,1.1031282791427006,0.13616100204620774
252,332,2,online,0.3067092138344661,0.35762592249353486
252,332,2,oracle,0.06045673000228956,0.5598002004864759
253,333,2,uniform,0.5823753379835175,0.1
253,333,2,static_tass,0.8222741000704422,0.1354699225948695
253,333,2,online,0.3193020010353129,0.3693431101639249
253,333,2,oracle,0.06107226982502892,0.5501875563051402
254,334,2,uniform,0.6003927258709569,0.1
254,334,2,static_tass,1.2318463376323556,0.13349210244382206
254,334,2,online,0.32771478251995484,0.37662820291798205
254,334,2,oracle,0.0647694128727707,0.5490535063476834
255,335,2,uniform,0.5799666290713344,0.1
255,335,2,static_tass,0.9169462324452025,0.13031602138801143
255,335,2,online,0.3368442901546183,0.39196846199382585
255,335,2,oracle,0.05888339750182694,0.5490618317106422
256,336,2,uniform,0.6214648546268245,0.1
256,336,2,static_tass,1.164141129903102,0.12780071154474554
256,336,2,online,0.29755297486926696,0.36016145471338185
256,336,2,oracle,0.06418544226671707,0.5521015679421618
257,337,2,uniform,0.6217021740417635,0.1
257,337,2,static_tass,1.3140688667654892,0.12742653281124905
257,337,2,online,0.3206598108266666,0.34648121765515283
257,337,2,oracle,0.05941189111805853,0.566749623419417
258,338,2,uniform,0.5937271152874641,0.1
258,338,2,static_tass,1.914529565808738,0.12744240618564273
258,338,2,online,0.2859463507656464,0.35637324237462187
258,338,2,oracle,0.05858714412982028,0.5671394297821286
259,339,2,uniform,0.6560019216427337,0.1
259,339,2,static_tass,1.6227380153907438,0.12800685437842946
259,339,2,online,0.33054630998538215,0.3719483770376294
259,339,2,oracle,0.06432116790209531,0.567759297225852
260,340,2,uniform,0.6331215354617927,0.1
260,340,2,static_tass,1.2238805426988633,0.12486113629478825
260,340,2,online,0.30428347112862125,0.34280066976640033
260,340,2,oracle,0.06402095733397563,0.5671490359612505
261,341,2,uniform,0.5967479434615542,0.1
261,341,2,static_tass,1.3668120492317377,0.12454941649756268
261,341,2,online,0.35895348425910834,0.36420621597528346
261,341,2,oracle,0.06702083400876384,0.5666532616964298
262,342,2,uniform,0.650591133177459,0.1
262,342,2,static_tass,1.7372981405316135,0.1243831860757133
262,342,2,online,0.3852661315918977,0.3878069109159591
262,342,2,oracle,0.07369419661443148,0.5659200192480838
263,343,2,uniform,0.6201094606318236,0.1
263,343,2,static_tass,1.4679572366796343,0.12437885303631023
263,343,2,online,0.35202476404922933,0.38710571707222685
263,343,2,oracle,0.05930594070906952,0.5661921467710518
264,344,2,uniform,0.6730087657306977,0.1
264,344,2,static_tass,1.2545660366569198,0.12439491966633283
264,344,2,online,0.28957213790323566,0.41214686202723816
264,344,2,oracle,0.06761868382780921,0.5685028222587478
265,345,2,uniform,0.7655280970898455,0.1
265,345,2,static_tass,1.330112731202724,0.1254960220934854
265,345,2,online,0.3422362734903395,0.4395863073101229
265,345,2,oracle,0.05597364183975196,0.5629088889458511
266,346,2,uniform,0.7360300959465883,0.1
266,346,2,static_tass,0.7546064000612376,0.13216094406474102
266,346,2,online,0.2664704637115835,0.4644238228550712
266,346,2,oracle,0.05916112859738533,0.5570076502717416
267,347,2,uniform,0.7329701457994161,0.1
267,347,2,static_tass,0.9020974231801913,0.12634777225353805
267,347,2,online,0.22635019761168795,0.49363824622187336
267,347,2,oracle,0.06376547879276474,0.5689308252010659
268,348,2,uniform,0.5792317875121633,0.1
268,348,2,static_tass,0.9782358351184623,0.12669441034088827
268,348,2,online,0.24204583566253635,0.5080005018881906
268,348,2,oracle,0.06197429069809935,0.5631977237380221
269,349,2,uniform,0.5481737682312654,0.1
269,349,2,static_tass,0.8141228219083938,0.12637037478535212
269,349,2,online,0.22681942237592803,0.4905126990354674
269,349,2,oracle,0.06125172595918047,0.5446079877340213
270,350,2,uniform,0.5475620854816478,0.1
270,350,2,static_tass,1.008061651611862,0.1304734092635047
270,350,2,online,0.19181910961179444,0.5122933600113078
270,350,2,oracle,0.05970006214292141,0.5467641641181812
271,351,2,uniform,0.6513532468074976,0.1
271,351,2,static_tass,0.8749181784245992,0.1288594736264987
271,351,2,online,0.19487399079125317,0.5022142484215426
271,351,2,oracle,0.0658470568314073,0.5482575564227905
272,352,2,uniform,0.7363912780152724,0.1
272,352,2,static_tass,0.8361404768000935,0.13144951626725176
272,352,2,online,0.19060898234311263,0.5117070744366223
272,352,2,oracle,0.061859440792560706,0.5609116689847731
273,353,2,uniform,0.7726911222194335,0.1
273,353,2,static_tass,0.9021755180777344,0.13565747270540088
273,353,2,online,0.18252392151065314,0.4981183586414436
273,353,2,oracle,0.06939184711545263,0.5572654546960096
274,354,2,uniform,0.6276577764223354,0.1
274,354,2,static_tass,1.1361563001668358,0.1379177819490581
274,354,2,online,0.1614037322741897,0.5169022792189072
274,354,2,oracle,0.07221044202377573,0.5725333896027045
275,355,2,uniform,0.7846871906271053,0.1
275,355,2,static_tass,1.0575123047742379,0.1377824975206646
275,355,2,online,0.13396616188562926,0.5311338183242346
275,355,2,oracle,0.0574612947180239,0.5740072194413792
276,356,2,uniform,0.6537327437300423,0.1
276,356,2,static_tass,0.862611739564198,0.13716569053777838
276,356,2,online,0.14971006717779187,0.5501132674870055
276,356,2,oracle,0.06414980993674874,0.5752903278379905
277,357,2,uniform,0.670288993656563,0.1
277,357,2,static_tass,0.8864195384298362,0.1372923669318612
277,357,2,online,0.12737415409746483,0.5649346794874593
277,357,2,oracle,0.07249796519401626,0.5758084244004141
278,358,2,uniform,0.7238862810455112,0.1
278,358,2,static_tass,0.8863001855161247,0.13736717033781348
278,358,2,online,0.14344464236347476,0.5751392614410169
278,358,2,oracle,0.07178805514131116,0.5810498056019378
279,359,2,uniform,0.7213802721912629,0.1
279,359,2,static_tass,0.8816773823866919,0.13756013254869182
279,359,2,online,0.10602555427171648,0.5799521431760049
279,359,2,oracle,0.06350573778958041,0.5816164536750267
280,360,2,uniform,0.6081586624621715,0.1
280,360,2,static_tass,0.9404860149620452,0.13765532226925367
280,360,2,online,0.10039811211820579,0.5790708581025358
280,360,2,oracle,0.07345983521821302,0.5806389708650938
281,361,2,uniform,0.6877396541895784,0.1
281,361,2,static_tass,0.7523351153021872,0.13762715926742447
281,361,2,online,0.0881214145328926,0.5839772753728846
281,361,2,oracle,0.058213403283184015,0.5797502464648617
282,362,2,uniform,0.7981993765393622,0.1
282,362,2,static_tass,0.8455144499600492,0.13747464485027744
282,362,2,online,0.07708739454741592,0.5881067135267821
282,362,2,oracle,0.06599465639568551,0.5813959929011656
283,363,2,uniform,0.6976793706875396,0.1
283,363,2,static_tass,0.7782077114357847,0.13737697715790653
283,363,2,online,0.08372838563030913,0.5922358577748568
283,363,2,oracle,0.060193743288791485,0.5826311221670135
284,364,2,uniform,0.6097919912004398,0.1
284,364,2,static_tass,0.8329408567529787,0.13690307044825378
284,364,2,online,0.07162987143606414,0.5933112609468992
284,364,2,oracle,0.06808648427034442,0.585035883489746
285,365,2,uniform,0.6463735546622037,0.1
285,365,2,static_tass,1.0901520038102057,0.13602664264083053
285,365,2,online,0.0738089136977836,0.5947073522252383
285,365,2,oracle,0.05855583151893561,0.5856927221395416
286,366,2,uniform,0.7366777113445079,0.1
286,366,2,static_tass,0.9847767963328602,0.13599023003680177
286,366,2,online,0.0781803961628546,0.6050553255634395
286,366,2,oracle,0.05878165282226409,0.5937788004089326
287,367,2,uniform,0.7339733755104456,0.1
287,367,2,static_tass,0.9009365055557583,0.13540106541615407
287,367,2,online,0.06991704782292439,0.6174907990090601
287,367,2,oracle,0.05785124345899471,0.6123012080449634
288,368,2,uniform,0.7667914468711049,0.1
288,368,2,static_tass,0.8619796402300857,0.13538187869655688
288,368,2,online,0.07869335128235214,0.6207693216489999
288,368,2,oracle,0.05989909494947738,0.612241132307514
289,369,2,uniform,0.6722102243244807,0.1
289,369,2,static_tass,0.8500961421359721,0.13537796484271084
289,369,2,online,0.07976156855086071,0.6181133063220428
289,369,2,oracle,0.061250041678159776,0.6119987827283058
290,370,2,uniform,0.6281469004188789,0.1
290,370,2,static_tass,0.8044039983740322,0.13517529761391664
290,370,2,online,0.07703158018223567,0.6203440884911047
290,370,2,oracle,0.07070110565178381,0.6152983689881212
291,371,2,uniform,0.6733538541530667,0.1
291,371,2,static_tass,0.9440849501991658,0.13724178216560728
291,371,2,online,0.0762561886909691,0.6127997834002727
291,371,2,oracle,0.059657802614657404,0.6061170647302145
292,372,2,uniform,0.6778381108680842,0.1
292,372,2,static_tass,1.1340606910714879,0.130600573931105
292,372,2,online,0.07467098520304213,0.5991476115799911
292,372,2,oracle,0.05906473932541099,0.5852676409113234
293,373,2,uniform,0.6820342253614616,0.1
293,373,2,static_tass,0.8967933029684715,0.1314558380220718
293,373,2,online,0.08081817427585493,0.5923956903036788
293,373,2,oracle,0.06427269377261045,0.580668317182021
294,374,2,uniform,0.6691518097408921,0.1
294,374,2,static_tass,0.8738828739719074,0.13202603514726832
294,374,2,online,0.082343882947841,0.592951904803165
294,374,2,oracle,0.06891666857920464,0.5793294184412047
295,375,2,uniform,0.6650451052927063,0.1
295,375,2,static_tass,0.8962340382753788,0.13220224428268304
295,375,2,online,0.071275478624483,0.5898945514277844
295,375,2,oracle,0.0657160909467878,0.5757588769422886
296,376,2,uniform,0.6504669515289201,0.1
296,376,2,static_tass,0.8231589902681792,0.1324547194948445
296,376,2,online,0.07675388580326949,0.5907653216679676
296,376,2,oracle,0.0686260611351966,0.5756416172740273
297,377,2,uniform,0.7075011085114626,0.1
297,377,2,static_tass,0.9859871643991712,0.13285823261135837
297,377,2,online,0.06877061761219264,0.5883592027584317
297,377,2,oracle,0.07016892347807129,0.5659339751834953
298,378,2,uniform,0.5890323810424883,0.1
298,378,2,static_tass,1.1222805680276398,0.1352681956351726
298,378,2,online,0.07393811449500616,0.5811498880486675
298,378,2,oracle,0.060377401110160274,0.5507977310117347
299,379,2,uniform,0.591903673196038,0.1
299,379,2,static_tass,0.9371129330737996,0.13579093793454713
299,379,2,online,0.07539584395864896,0.5745268390398603
299,379,2,oracle,0.06256871776016894,0.5380378334663207
300,380,2,uniform,0.5777481735475561,0.1
300,380,2,static_tass,0.90254530420401,0.13653916422435605
300,380,2,online,0.07098168108485785,0.5715952078831075
300,380,2,oracle,0.07022832210900365,0.5394486215514009
301,381,2,uniform,0.5698305226149719,0.1
301,381,2,static_tass,0.929202383306065,0.1370464958683446
301,381,2,online,0.07392063650071456,0.579846467092433
301,381,2,oracle,0.06652034845528022,0.5452993979284746
302,382,2,uniform,0.5976773707573205,0.1
302,382,2,static_tass,0.8462801535266854,0.137431971447034
302,382,2,online,0.07723675797633402,0.5758362513470108
302,382,2,oracle,0.06545628745438001,0.5422532754381882
303,383,2,uniform,0.640133810825052,0.1
303,383,2,static_tass,1.0971500627320412,0.1450784571956349
303,383,2,online,0.07250460163320048,0.5832556723039349
303,383,2,oracle,0.06277321804302667,0.5553568842545569
304,384,2,uniform,0.6381201598070922,0.1
304,384,2,static_tass,0.9851048374684901,0.14515685323224914
304,384,2,online,0.06927752826463901,0.5822527385466624
304,384,2,oracle,0.07284877665202304,0.557486669996349
305,385,2,uniform,0.6174876357902133,0.1
305,385,2,static_tass,0.9372533582749738,0.1452037284434846
305,385,2,online,0.07599259652110187,0.5885562440162178
305,385,2,oracle,0.06440676712066036,0.5680166471577792
306,386,2,uniform,0.6113267506292295,0.1
306,386,2,static_tass,0.9198955051334508,0.1465242973178799
306,386,2,online,0.07916302596326354,0.5883116841786511
306,386,2,oracle,0.05960873104091686,0.5682017381574853
307,387,2,uniform,0.622960230122557,0.1
307,387,2,static_tass,0.9449406678496046,0.14743546971818858
307,387,2,online,0.07612096930989863,0.5872136121279201
307,387,2,oracle,0.07093703571837942,0.5681622611381265
308,388,2,uniform,0.5940424090509213,0.1
308,388,2,static_tass,0.8971314727049133,0.14720742519579727
308,388,2,online,0.061216293460915325,0.5860572429176094
308,388,2,oracle,0.059596893304508874,0.5677032132192201
309,389,2,uniform,0.6275518939798729,0.1
309,389,2,static_tass,1.2964208384104587,0.13627311142552428
309,389,2,online,0.0697096920084342,0.5870544761931804
309,389,2,oracle,0.06163848581572585,0.5675337329931589
310,390,2,uniform,0.6540205238372924,0.1
310,390,2,static_tass,1.0302114183211284,0.1343985244917343
310,390,2,online,0.06685334212216891,0.5887248246815993
310,390,2,oracle,0.06770199885755222,0.5674864868673346
311,391,2,uniform,0.6636829725673927,0.1
311,391,2,static_tass,1.2317743773735865,0.13429796727760182
311,391,2,online,0.07444466700612079,0.5857336185494061
311,391,2,oracle,0.06603815843184686,0.5677523151610232
312,392,2,uniform,0.6123288379943929,0.1
312,392,2,static_tass,1.0724496236382126,0.08072148860098775
312,392,2,online,0.07363568799436575,0.5807777313393847
312,392,2,oracle,0.06061956984208248,0.5670608021020633
313,393,2,uniform,0.6308687970582836,0.1
313,393,2,static_tass,1.285252677304202,0.08073825003783541
313,393,2,online,0.06672420547160299,0.5807617067896217
313,393,2,oracle,0.0620913200546118,0.5657831504801918
314,394,2,uniform,0.6279138595661957,0.1
314,394,2,static_tass,1.3673870906294612,0.08063608126440872
314,394,2,online,0.07385901979550037,0.5781828119789575
314,394,2,oracle,0.07420530969435564,0.5634937362825165
315,395,2,uniform,0.6373126928048761,0.1
315,395,2,static_tass,1.2233867405333991,0.08094831195290436
315,395,2,online,0.06156045592297494,0.5783094802050049
315,395,2,oracle,0.055352274656956774,0.563160796024148
316,396,2,uniform,0.651799872275739,0.1
316,396,2,static_tass,1.4745198039289096,0.08101608826742646
316,396,2,online,0.07626362395514712,0.5804754278764951
316,396,2,oracle,0.06468974627284667,0.5631421524119659
317,397,2,uniform,0.6270196681145723,0.1
317,397,2,static_tass,1.3814220729848055,0.08137326881971804
317,397,2,online,0.06975479802290789,0.5783633755956487
317,397,2,oracle,0.06891180935404127,0.5637876326481747
318,398,2,uniform,0.64282373238523,0.1
318,398,2,static_tass,1.4664430636340606,0.08345726802697168
318,398,2,online,0.0717663791525137,0.5785818786963626
318,398,2,oracle,0.05917782508165073,0.5647906648213579
319,399,2,uniform,0.6478031125537426,0.1
319,399,2,static_tass,1.360254718690222,0.05070588092551288
319,399,2,online,0.06575737696645814,0.5869046361130356
319,399,2,oracle,0.08272304196009846,0.5755303819586091
320,400,2,uniform,0.7254673463439537,0.1
320,400,2,static_tass,1.3914752085630504,0.034516407631067135
320,400,2,online,0.06856910606378984,0.5837721493761776
320,400,2,oracle,0.06640798632941594,0.568017127934262
321,401,2,uniform,0.5526639971776124,0.1
321,401,2,static_tass,1.3002669736092536,0.03218952596034841
321,401,2,online,0.08398169224181512,0.5511690351304008
321,401,2,oracle,0.06151399096018385,0.543075487730502
322,402,2,uniform,0.6416314155311915,0.1
322,402,2,static_tass,1.619375134087318,0.02537769610577708
322,402,2,online,0.07546191450511774,0.5816197531830127
322,402,2,oracle,0.054678095709650876,0.5659086954453382
323,403,2,uniform,0.5540872476607795,0.1
323,403,2,static_tass,1.3164436157487283,0.02212365948574708
323,403,2,online,0.0751444450501777,0.5607952409978033
323,403,2,oracle,0.0591482490042024,0.5616568744302619
324,404,2,uniform,0.6710113302516066,0.1
324,404,2,static_tass,1.3597109660539428,0.020196936825879697
324,404,2,online,0.07313564623468022,0.580766072257086
324,404,2,oracle,0.05891483349727776,0.5781838681108828
325,405,2,uniform,0.6679763632717539,0.1
325,405,2,static_tass,1.5660807476440617,0.02036952295101231
325,405,2,online,0.0722268621286106,0.5893779172370935
325,405,2,oracle,0.0574693462547561,0.5870013114541233
326,406,2,uniform,0.6794326432460799,0.1
326,406,2,static_tass,1.4059811219688154,0.020358421711351077
326,406,2,online,0.07189855731945298,0.5904845483736948
326,406,2,oracle,0.05257688785443535,0.5877037681782306
327,407,2,uniform,0.6141695054222716,0.1
327,407,2,static_tass,1.250818015524534,0.02029227219133834
327,407,2,online,0.07450049662541598,0.591849100765911
327,407,2,oracle,0.06681875824432092,0.5878224005039829
328,408,2,uniform,0.7087933201836075,0.1
328,408,2,static_tass,1.4573250526171295,0.020536327198088955
328,408,2,online,0.06909806289754668,0.5929536075329953
328,408,2,oracle,0.060780899249732075,0.587432037737847
329,409,2,uniform,0.6147389736397849,0.1
329,409,2,static_tass,1.537384208177195,0.023462598463067287
329,409,2,online,0.06316568267927569,0.5915124411749453
329,409,2,oracle,0.060212851827240184,0.585958834175488
330,410,2,uniform,0.6452766092159302,0.1
330,410,2,static_tass,1.5667739831665286,0.02356330671747045
330,410,2,online,0.06917435522331028,0.5912084148222414
330,410,2,oracle,0.06013629271765556,0.5844832123966804
331,411,2,uniform,0.6203697807928032,0.1
331,411,2,static_tass,1.6527573047174742,0.02362114517274924
331,411,2,online,0.06457499025736205,0.5891910745249482
331,411,2,oracle,0.06353713656613545,0.583281141059595
332,412,2,uniform,0.6510641045708757,0.1
332,412,2,static_tass,2.0976761653665625,0.023637092201200353
332,412,2,online,0.06983059390949066,0.5960604419349026
332,412,2,oracle,0.06063215372229064,0.5886885195550703
333,413,2,uniform,0.5704678503089778,0.1
333,413,2,static_tass,1.9467473397878357,0.023423951501411057
333,413,2,online,0.07122937993768254,0.6215624443045943
333,413,2,oracle,0.059482647736368625,0.6154033725837788
334,414,2,uniform,0.6704563958259004,0.1
334,414,2,static_tass,1.7520867303121173,0.02361055708834353
334,414,2,online,0.06914104672278053,0.625437935458221
334,414,2,oracle,0.06309008245059478,0.6201414420558098
335,415,2,uniform,0.6601255846327962,0.1
335,415,2,static_tass,1.1063901056211403,0.02392027646851998
335,415,2,online,0.08351980781745201,0.622463554373658
335,415,2,oracle,0.05797875420626423,0.6194002061743193
336,416,2,uniform,0.7483804250181163,0.1
336,416,2,static_tass,1.3291695846587037,0.021177616087131947
336,416,2,online,0.06948747038369661,0.6514114301699203
336,416,2,oracle,0.059257076215301206,0.6454711302840808
337,417,2,uniform,0.7228476545641757,0.1
337,417,2,static_tass,1.695026076815737,0.02135494733647235
337,417,2,online,0.06846396109926217,0.6449920835098757
337,417,2,oracle,0.06527848915954584,0.6366833448127134
338,418,2,uniform,0.755943597282367,0.1
338,418,2,static_tass,2.120216578581236,0.021354580753817028
338,418,2,online,0.06737416545804009,0.6429363041039564
338,418,2,oracle,0.06319166133595856,0.6293276391294553
339,419,2,uniform,0.746538286581513,0.1
339,419,2,static_tass,1.7740048363633227,0.021390147254395978
339,419,2,online,0.07449773926821117,0.6383654353551707
339,419,2,oracle,0.06605601273362031,0.6261420140362133
340,420,2,uniform,0.7555390616460158,0.1
340,420,2,static_tass,1.7860038546419683,0.02167898443220674
340,420,2,online,0.07140992355550857,0.6379400411040641
340,420,2,oracle,0.0612697910047115,0.627161236564744
